"review_id","title","review","rating","sentiment","date","author","author_id","spoiler","helpful_up","helpful_down","url"
"rw2055940","It wasn't that bad, people.","I just wanted to comment on how completely ridiculous it is that grown people and older teenagers are commenting on how stupid, obnoxious, childish, un-funny, etc this movie was. I am a mother of 5 children, ages 12 to 2. My 3 daughters are 11 and two 9 year olds. They LOVED this movie and laughed their little butts off the whole time. Granted, there were MANY parts of the movie where I was bored to tears and I actually played a few games on my iPod touch I'd brought along...but AGAIN, this movie wasn't made FOR ME. IT WAS MADE FOR SMALL CHILDREN. And it really wasn't THAT bad. I mean, come on. We've all been watching Disney movies forever now, haven't we? Like you can't figure out who will die, who will win, who will lose, who will kiss whom, etc...in ANY Disney movie. Also, so she can't act?? Who cares? Because ALL of the Disney actors these days can't act. They are wooden and pathetic. BUT THE CHILDREN LIKE THEM. Stop being so judgmental about a movie that was geared towards 7 to 10 year old little girls, OK? It's just silly.","6.0","neutral","2009-04-22","weldermommy","ur16162521","False","166","85","https://www.imdb.com/review/rw2055940/"
"rw3026375","Decent, but ambiguous","It's hard to believe that it haven't been a long time since ""Hannah Montana"" was a huge phenomenon. While the juggernaut has lost some steam, it's really not many years ago since the franchise was huge and practically everywhere. While Disney has produced many series, none of them were as huge as ""Hannah Montana"". With the popularity, it wasn't strange that a movie was produced (actually two, if you count the concert movie) and released theatrically.

Why exactly this franchise became such a phenomenon, is somewhat fascinating. There's obviously no wonder to say that it's a cynical and calculated product. But if we're discussing the quality of the TV show itself, it's definitively cheesy and dumb, but still harmless and watchable at times. There's no denial that the show was aimed specifically at a young audience. So where does it leaves the movie?

""Hannah Montana The Movie"" shall have praise for at least having (most of the time) a more mature and adult tone than the show. But the movie's obvious flaws makes it's purpose ambiguous. ""Hannah Montana The Movie"" isn't exactly horrific. That's not the problem of the film. It's cute and definitively watchable at times. But it's shifting tone and it's muddled message makes the film harder to shallow. The film really relies on a clichéd and worn-out plot-line about Miley finding back to herself by traveling back to her hometown after Hannah has taken over her life (a plot line that had already been used in some the show itself). The film really leads up to the point where Miley has to choose between her two worlds, but the ending really backs out and leaves the question really open (and ambiguous).

The tone is really somewhat inconsistent. From having a quite frenetic opening, to a slower second act, the film becomes a sappy melodrama at the third act. Which really the movie didn't needed, since it worked better with a less sappier tone. The slapstick is, surprisingly, not grating, but besides that, ""Hannah Montana The Movie"" really doesn't rely on humor (not that the series was funny, but at least it didn't relied on slapstick humor). None of the acting is particularly special. The most likable star is Lucas Till as the love interest, who has presence and charisma. The songs are hit and miss as well. A few of them are catchy (""Let's Get Crazy"", ""Hoedown Throwdown"", ""Crazier"", ""Dreams""), but the rest are forgettable.

A problem with the concept really is the portrayal of Miley Stewart herself. She's energetic and bubbly, but at times she can be an unlikeable and selfish brat. This movie is no exception. Of course a character doesn't need to be perfect, but Miley is indeed a flawed ans selfish character that repeats her mistakes. Really, it's somewhat odd that such a character became iconic.

So at the end, ""Hannah Montana The Movie"" isn't exactly horrific. But with a more focused theme and tone, this movie would have been more acceptable. At the end, for all the flaws of the show has, it's still more harmless.","5.0","neutral","2014-06-01","Tinny-Tinette","ur27797700","True","5","0","https://www.imdb.com/review/rw3026375/"
"rw2113716","An OK film I guess, a good conclusion to the series but there is still its weak flaws (SPOILERS!)","With my laptop with me, my sister and me decided to watch THE HANNAH MONTANA MOVIE on you tube last night. Let me say I read a couple of reviews about this movie saying how poor the movie is but since I am fan, I figured it was worth a watch.

I'm not saying the film's bad because it isn't. I have seen all the episodes of HANNAH MONTANA and I thought they were pretty funny and cool. But I think most of the people who wrote bad comments just watched the movie instead of switching over to Disney Channel and figuring what HM was all about. So yeah.

OK lets start off with the good side...

1) I can say this film did a good job bringing all the episodes and questions together pulling a great conclusion.

2) This film was like a whole new side for HANNAH MONTANA. Because you just skip Malibu, and the regular irritating ""audience laughs"" we see and hear in the HM episodes and go beyond the series, exploring Miley's main hometown, where you she actually came from and the choices she has to make.

3) The songs were top-notch my favourite ones were Hoedown Throwdown and Lets Get Crazy I also liked some of the touching songs as well like Crazier by Taylor Swift (it was good to see her in the movie!) Butterfly Fly Away and The Climb and they also deliver an important message too.

4) It kept a levelled balance of everything; from the laughs to the moments. Because normally in the HM series you always get more off the funny parts rather than the real moving parts.

5) It was good work from Disney! 

NOW THE BAD...

1) It was good but not great. I mean it wasn't something new from Disney like bringing it to a whole new level. It just kept it's sort of material that I normally expect from it. Although I said it was a whole new side, it was still nothing special.

2) The performances were average, I'm not seeing any energy being delivered. The end was a big moment in the movie but Cyrus sort of ruined that with her acting, causing it to not work as ""dramatic"". Sorry :( 

***SPOILERS AHEAD*** 

3) When Miley rips off her wig, she said she can still be Hannah if everybody keeps the secret. Sure its her beloved hometown, but there's got to be one bad person who wants all the fame and money and blow her secret.

4) Jackson's alligator incident was careless and pointless. That has got to be very serious damage! For a normal human being, you could have needed brutal surgery and... well, the film sort of took it as a practical joke!? 

5) Does Miley try to reveal she's Hannah Montana? To Travis, to that reporter guy she always says, ""I saved Hannah Montana's life surfing and we're best friends!"" Stupid! 

Yeah - there's more bads than goods! 

6) Now everybody knows shes ""best friends"" with Hannah Montana, why dosen't anyone use their brain? There's lot of evidence, her face, that voice, those dance moves? Yet nobody had the right mind to figure out she is ACTUALLY Hannah Montana! 

7) Bad reporter turn into good reporter and not blow Miley's secret? No, no, no! In real life any normal reporter would just blow her secret! 

8) There wasn't much shock when Hannah revealed shes Miley. Also I found the ending quite confusing, she just takes off her wig, sings and the end!?

9) Unrealistic! 

10) One more thing... sometimes Miley sings like she's got a cold or something and I'll admit she can't dance! 

Sorry for saying but true!

I have a few more bad comments but I'll just leave it there for now...

OK I'm not trying to say HANNAH MONTANA THE MOVIE is a bad film (like I said!) But I say it's probably a mixed bag (despite the few extra bad points I made) Although it was VERY close to four, I'd, at the very least, give it a 5. (Just because I'm nice :P) 

OK movie overall. Not bad I guess :)

*****/********** stars 

(5/10 stars) 

~Kalendra","5.0","neutral","2009-08-19","karl_with-12","ur21671556","True","19","11","https://www.imdb.com/review/rw2113716/"
"rw2052155","geez people chill out!","Some of these people remind me of freaking' critics! Everything has to be Oscar-worthy or it's just a crappy movie!

Let's take a look at the fundamentals of what makes up ""Hannah Montana: the movie""

First: It is a Disney movie...not pixar! Need I say more... Second: It's Hannah Montana...have you people even seen the show? Third: This is a kids movie for Hannah Montanna fans!

Go in the theater expecting a heavily-clichéd, predictable, possibly nausea-inducing performance from Miley and the gang and all will be fine.

Sit back, relax, laugh at the childish-jokes. It is a kids movie!","5.0","neutral","2009-04-13","jkae89","ur20138134","False","42","39","https://www.imdb.com/review/rw2052155/"
"rw2211211","Hannah Montana ""The Movie"": As Silly as They Come","I cannot imagine how anyone in their right mind thought that ""Hannah Montana"" was a good idea for a movie. Just take the premise. Hannah Montana is really Miley Cyrus. But Miley Cyrus does not want the world to know that she is Hannah Montana, because if they find out then whatever is left of her private life will soon disappear. So Miley Cyrus puts on a blond wig and convinces everyone that she is really Hannah Montana. Are you following this? 

But this film persists in this absurd fiction right until the end, which leads to one silly plot line after the other. To take just one example, this movie could have been more effective by fully developing one element: the love story between Miley Cyrus and Travis Brody (who is played by the likable Lucas Till). But no, we are treated to a scene where Travis breaks up with Miley because apparently he is too visually impaired to know that she looks exactly like Hannah. Travis' behaviour is analogous to you not recognizing your friend after she dyed her hair another colour. Another idiotic plot device involves a British paparazzi guy who is trying to discover Hannah Montana's secret identity which is not a secret at all. At the end, after everyone who attended the latest Hannah Montana concert discovers that Hanna is Miley, the British paparazzi decides to do the ""right thing"" by quitting his job instead of revealing Hannah Montana's identity to his boss -- even though we all know that the audience members are going to spill the beans to anyone who cares enough to listen. 

The plot is horrible, but what passes for slapstick here represents a pretty tawdry value system. When I saw Lilly fall down an enormous skateboard ramp because her friend let go of her, my reaction was that this girl looks like she got serious hurt. Likewise, Miley's fight with Tyra Banks over shoes was not funny and the ferret was not funny either. In fact, the only funny element in the film was the alligator. And if paid actors are getting upstaged by an unpaid alligator, then you know that your film sucks. In short, I can think of any number of children's films which have more wit, touching scenes, humour, and authentic situations than this one. ""Hanna Montana"" cynically exploits Miley Cyprus' celebrity in order to generate sales because it has nothing else to offer. And that is why I object to this film more than anything else: the filmmakers did not even try to make a good film.","3.0","negative","2010-02-22","jonathanruano","ur20682974","True","12","7","https://www.imdb.com/review/rw2211211/"
"rw2050410","Miley Cyrus is like a vermin in the Western World","No, Really.

The incredible lack of quality in this film is not only intensified by Miley Cyrus' lack of acting or singing skills, it is aggravated as the entire movie resolves around her own ""inner struggle""(huh). She is incapable of delivering her lines with any sort of credibility or patience whatsoever and has to rely on being loud and intense in order to keep people's attention. That showcasts how her on-screen persona is similar to her on-stage persona: In order to hide her obvious flaws in talent, simply distracting the fandom (teenage girls usually between 6 and 13) with over exaggerated moves and expressions tends to do the trick. Some people might call that ""Being relatable"" or ""Having a stage presence"", I call that a plot to remain in the spotlight of 10 year old girls (All while failing at ""overgrowing her character"" by dating a 21 year old underwear model and uploading half naked pictures of herself in real life).

Billy Ray Cyrus, on the other hand, is the complete opposite of his daughter. Instead of overstating every single line and facial expression, he barely manages to pull them off with disdain. I swear to you, his repertory of expressions and emotions is even smaller than the list of his musical hits. 

The screenplay is just what one would expect from a Disney Channel movie. You will not find a ""Finding Nemo"" or a ""Wall-E"" on this one, just a simple ""sweet tale"" about a character struggling while finding young love (Except that it fails at that too, given not only that the main characters do not last together for long and that on the show the Miley Stewart/Hannah Montana character changes boyfriends as fast as she changes tampons). The love interest is so disgustingly clichéd that you might just laugh at his fakeness. The jokes, as expected coming from a Hannah Montana movie, are simply not funny at all. 

In fact, the entire movie gets so lame and predictable that it becomes yet another proof of how -for everyone's sake- Disney Channel's writers are ought to commit suicide.

Now on the music (Or lack thereof). The soundtrack is just what would be expected by Hannah Montana: songs filled with self-references and childish squabble. Although it meets its purpose of making small children happy, it is nothing more than that.

The movie includes a ridiculous Macarena wannabe ""dance song"" which is so incredibly complex that not even her fandom will replicate it without a severe amount of effort (Were they actually expecting people to dance the Howdown whatever? It's not like its simple, or easy for that matter). 

Miley Cyrus and her dad are simply not talented at all in the musical arena. The only song worth saving from this whole mess is The Climb, which is actually deep and thought provoking. 

If you are not a tormented parent who is being absolutely threatened by his daughter to go see this film with her, I implore you for your own sake, take that money elsewhere and save yourself the nuisance. Because in the end that is the only thing this is.","1.0","negative","2009-04-10","nuclear5200","ur12789338","True","106","120","https://www.imdb.com/review/rw2050410/"
"rw10098464","honestly im just shock from all these negative comments","Guys why are you all waching this movie with logic ?

People keep saying : how didnt they realize it was miley when she was only wearing a wig and ...

Movies dont need to be logical or completly realistic movie like hannah montana or camp rock or teen beach or .... are meant to be silly so just let the movie takes you to a place that doesent mach with your logics enjoy the silly things and dont overthink it forget about what doesent make sense cuz it wasent made to make sense im a 19 yo boy im and i havent wached a single episode of the series but hannah montana move warms my heart and has a special place there.","7.0","positive","2024-10-29","amirhosseinmouleki","ur130947320","False","11","0","https://www.imdb.com/review/rw10098464/"
"rw2055231","Terrible Terrible Movie","The setting for this movie should have been Wisconsin, not Tennessee because there was more cheesy cliché's than you could count. I took my 12 year old daughter to this and have seen many movies with her including the Lizzie McGuire movie (which i found very entertaining) and this was just plain bad. There were a few funny moments but for the most part it was just bad rip offs of the 3 stooges type comedy like the brother getting caught in the revolving door while everyone was going in and out. I thought Disney had a chance to really make a point of never forgetting where your roots are remembering your family comes first but they sadly missed the boat on both accounts instead focusing weakly on how Hannah is more important than being true to yourself. A very disappointing movie though I'm sure the kids enjoyed it.","2.0","negative","2009-04-20","zinescene","ur11421311","False","62","67","https://www.imdb.com/review/rw2055231/"
"rw6241825","I genuinely enjoyed this. I didn't see that coming","I genuinely enjoyed this. I didn't see that coming.

'Hannah Montana: The Movie' kept me suitably entertained from start-to-finish, it is so much better than I would've predicted. I have never seen an episode of the television series either.

It features a surprisingly interesting and fairly meaningful story, sure the ending is extremely Disneyfied and nonsensical but they make it work. For what it is, it's a relatively engaging storyline. There are a few bits of neat cinematography, also. Music-wise it's alright, ""The Climb"" is a (good) song that I was already familiar with.

Miley Cyrus does a respectable job in the lead role(s). Billy Ray Cyrus, Margo Martindale, Vanessa Williams and Barry Bostwick all feature too, as does a young Natalia Dyer. I like the casting.

I had very low expectations coming into this, but it's a film that pleasantly surprised me. I'd say it's worthy of a watch.","7.0","positive","2020-11-07","r96sk","ur49400835","False","8","0","https://www.imdb.com/review/rw6241825/"
"rw2078904","lol","I think the idea of Hannah Montana as a movie was good, because it gave a chance for different types of audience to show what they think of it, and view it. so its for the young girls, and they probably love it, but if your not a female or under 12 years old you wont appreciate it. People are saying why rate it as a bad film because its not aimed at adults, well, if only 12 year old girls rated this film, it wouldn't be an accurate rating. Having people of all ages and backgrounds rate this film, shows an actual portrayal of the quality of the film. The girl has a good voice, but that doesn't make it a good film. personally i don't like her music either, but i can appreciate talent when i see it. unfortunately, the same doesn't go for the movie.","2.0","negative","2009-06-10","Deansmith1989","ur21278287","False","44","48","https://www.imdb.com/review/rw2078904/"
"rw4770166","Cupid shuffle, who? I only know the hoedown throw down.","This movie shaped a generation. You don't know the feeling of serenity until you see Hannah Montana fight with Tyra banks over a pair of black and white striped heels. Or when the rascal flatts are having a casual porch jam session with a bunch of country bumpkins. This blockbuster has emotion, heart, soul, and a little bit of rock and roll. You'll laugh, cry, and most importantly get wet from Travis Brody.","10.0","positive","2019-04-08","alexanrub","ur101455875","True","24","4","https://www.imdb.com/review/rw4770166/"
"rw3660369","Can Still Be Enjoyed If Not A Fan Of The TV Series","When all is said and done, the Hannah Montana television series may go down as the best/most popular in Disney Channel history. After watching this corresponding film installment, I can confidently say that its legacy will also live on via the big screen.

Basically, all you need to know about the showing going in is the basic premise behind everything: Hannah Montana is an incredibly popular pop singer, but only plays the role when not being a ""normal girl"" as Miley Stewart, never to divulge her secret identity to the world.

In this movie, Miley goes (or, rather, is forced) back to her Tennessee roots when her Hannah persona gets a little too ""big for its britches"" out in Hollywood. While down South, Miley starts to remember what made her create Hannah in the first place, and is forced to make a difficult decisions that will affect the rest of her Hollywood career.

What really sets this show apart from other Disney fare is that the characters age/grow right along with the show. By the time this movie came out, Miley Cyrus is playing almost a completely different character than she did at the show's inception. Unlike some shows that re-tread the same basic scenarios time after time regardless of character age, Hannah Montana advances the characters, story lines, and subject matter appropriately, including in this film.

In terms of casting, all the ""usual suspects"" from the series are back, including guest appearances from celebrities like Taylor Swift and Rascal Flatts. Some may argue whether Cyrus has the acting chops to become a true big screen star, but there is no doubt that she shines in this duel-personality role.

Thus, this is a family-friendly film that I can easily recommend to watch with your younger siblings/friends. At first, you may feel uncomfortable watching such supposedly ""silly"" fare, but in short order you'll realize you're just watching an effective family film.","7.0","positive","2017-03-12","zkonedog","ur7826013","False","5","1","https://www.imdb.com/review/rw3660369/"
"rw6762593","Perfect for its target audience","When the film was released in 2009 I was in my early 20's and Miley a Cyrus was becoming the biggest thing In the world. Watching the film 12 years later my thought of the film had changed a lot. When first released I loved the film it's family fun Disney film aimed more at its target audience of preteen girls and teen to young adult girls. Now watching this as a 34 year old I see the film in different eyes.

The film is not a bad film like most people say it is it's a fun family film. It's silly and the acting is not the best but it is what it is.","5.0","neutral","2021-03-31","jakethesnake-42007","ur126266447","False","4","1","https://www.imdb.com/review/rw6762593/"
"rw2054117","Well, this was a waste of time","Miley Stewart's (Miley Cyrus) life is out of balance. Taken under the wing of a gungho and glamorous publicist, Vita (Vanessa Williams), Miley's letting Hannah begin to dominate her life. When she keeps choosing Hannah over her commitments to family members—to say goodbye to Jackson (Jason Earles) as he leaves for college, to attend Lilly's (Emily Osment) long-anticipated sweet-16 party or her grandmother's birthday celebration—it is clear Miley's beginning to forget why the Hannah Montana secret was created in the first place.

When Hannah Montana ends up in a paparazzi-captured fight with Tyra Banks over a pair of designer shoes, Miley's father (Billy Ray Cyrus) quietly takes control. Having attempted to reason with her to no avail, Robby Ray tricks Miley into thinking she's going to New York as Hannah to perform when he's really taking her from Los Angeles back home to Crowley Corners, Tennessee. Miley's double life becomes even more complicated when she returns to Crowley Corners.

She discovers that a reporter has somehow managed to track Hannah Montana to her hometown and is asking lots of questions of the locals. She also meets up with an old childhood friend, Travis Brody (Lucas Till), and soon finds herself in her first serious romance. When Miley tries to impress Travis by telling him about her friend Hannah Montana, she suddenly finds her alter ego enlisted in a concert fundraiser to help save her hometown's pristine Crowley Meadows from developers. Once again, having taken on more than she can handle, Miley has to call on her best friend, Lilly, and ask her for help. When Lilly finally arrives in Crowley Corners pretending to be Hannah Montana, events really spin out of control. Hannah Montana 1/10","1.0","negative","2009-04-18","MCMAYNERBERRY","ur17119745","True","47","55","https://www.imdb.com/review/rw2054117/"
"rw2052800","This movie was pitiful","This movie in my opinion was a waste of film. The acting wasn't good at all. Miley Cyrus provided us with the same stale performance she does in the television series. It is almost a shame that wonderful Vanessa Williams agreed to even do this movie but I guess work is work. I doubt this movie will be remembered in five years. I do believe it is like the Lizzie McGuire movie of today. In two years most people won't even care. This script was very clichéd and slipshod. I did not find one bit of it convincing and if the songs were supposed to be the saving grace then that grace has run out. The music and the songs although most of them from Miley's actual albums although popular with the 8 to 14 crowd will be not considered quality compositions in the eyes of those that know true musical greatness. I would of preferred if she had written more original songs for this movie instead of recycling.","1.0","negative","2009-04-15","SenaShetani","ur9997592","False","62","80","https://www.imdb.com/review/rw2052800/"
"rw2053289","this film is as bad as they get!!","as you cant give films 0 stars i gave it 1 but it's still god dam awful. Hannah Montana or Miley Cyrus is the hill billy of all hill billies and cant act or sing. its as simple as that. DON'T WATCH THIS FILM! its physically impossible to be a singer and normal for one she still has the same face and people will recognise her. also her voice is still the same and when she talks you would know its her and finally its just seriously unlikely. i can not stand her dad. HE MAKES ME ANGRY. no one in that film can act seriously i must have been a really cheap film to make because the actors wouldn't have wanted much money it looks like they just picked them up off the streets. they probably did it for free just to get on TV. REALLY POORLY MADE FILM?!","1.0","negative","2009-04-16","westie0404","ur7228672","False","47","59","https://www.imdb.com/review/rw2053289/"
"rw2178765","Supposed to be fun, and is","Anyone who complains about this movie's premise being ""unrealistic"" is not qualified to comment on it. Come on. It's a Disney movie! Was ""Flubber"" or ""The Love Bug"" realistic? This film is not high drama, looking for Oscar nominations. It doesn't pretend to be, or aspire to be. It's supposed to be fun, and it is. I am admittedly not the target demographic for this material, but it was cute, even so. And Miley Cyrus is beautiful, and has a lot of poise here. She sings well, even if she isn't Marnie Nixon. She doesn't pretend to be, and probably doesn't aspire to be. Her TV show, and by extension, this movie, is silly fluff, and there is nothing wrong with that. Chill.","7.0","positive","2009-12-22","smatysia","ur0111731","False","8","6","https://www.imdb.com/review/rw2178765/"
"rw2055454","I entered the theater that day, unknowing of the horrors that awaited me in the depths of movie hell.","Well, i must say that was pretty damn awful. I'm sure all the 7 year old girls were mad that Miley's (I'm sorry, miley's-her name doesn't deserve to be capitalized)father was trying to stop her from being hannah montana, but all she was doing was being an obnoxious, self-centered, brat, and as far as i'm concerned, didn't deserve to even date that weird hick guy who she had the corny ""love"" scenes with. I was disgiusted with the way they attempted to somewhat villainize her father, although it gave the movie it's modern day Disney channel effect (""God daddy, why won't you let me be a bitch to everyone i've known and loved since birth??!!!! You're so mean to me!!!""). Also, Miley/Hannah (whoever the hell she is) can't act worth a damn. All she did was stand on stage, in the spotlight, and go on and on in her obnoxious, scratchy voice about how she can do what ever she wants, and how she's a freaking victim of something. That was the thing; she couldn't stop yelling in her annoying-as-hell scratchy hick voice, and it didn't get better worth a damn when she started ""singing"", if it can even be called that. Overall, a terrible movie. If you were going to see it tonight, spare yourself the expense.","1.0","negative","2009-04-20","alexoboyleince","ur21010557","False","57","75","https://www.imdb.com/review/rw2055454/"
"rw2689402","Not exactly a great movie worth recommending, but a pretty good one nonetheless","Just a brief note, I think the Hannah Montana show was OK. Aside from some pretty good songs, it's main lead was OK, but later became annoying and some of the story lines, although funny, were quite predictable. While this movie improved a bit on the show, it's still flawed. The story despite it's nice moments is hugely predictable, the direction is bland, the script is schmaltzy, and the dialog is cringe-worthy.

Some of the characters are uninteresting, but the main lead played by Miley Cyrus is a vast improvement and is a much more likable character and her depth is well-developed. Even her relationships with her family especially her father was touching. Some of the songs were mediocre, but the two songs that were not only emotional, but catchy goes to ""Butterfly Fly Away"" and ""The Climb"" and I'm surprised to see that song won an award for Best Movie Song.

Overall, not exactly a great movie worth recommending, but not exactly as terrible as the ratings on this website says it is. It does have it's problems, but it's touching songs makes this worth a view for kids and their families.","","unknown","2012-10-16","gavin-thelordofthefu-48-460297","ur26083589","False","6","4","https://www.imdb.com/review/rw2689402/"
"rw2196889","Maximum Score: D","The guy that wrote the screenplay for this is brilliant. Dan Berendsen made this film worth something, he wrote the screenplay so the show can go on after the movie. Otherwise, there is nothing on this movie. Miley Cyrus, Billy Cyrus , and others aren't good performers. Again with the singer wannabe actress (Miley Cyrus). Jesus Christ, I mean Miley Cyrus isn't that good of a singer and now she's acting? Girl, you're worth billion of dollars, you ain't need this. Anyways, this movie is some bullshit. Maximum Score: D Visit www.moviereviewsof2009.blogspot.com for more. Jesus Christ, again with the guidelines, I couldn't write enough could I?!","6.0","neutral","2010-01-24","jnguyen46117","ur22751350","False","3","2","https://www.imdb.com/review/rw2196889/"
"rw2050897","Not excruciatingly painful as we expected","My friend Destiny texted me yesterday and asked if I wanted to see this movie. I was bored, and had nothing better to do, so I went. Upon arriving at the theater, I noticed about 84% of the audience was under 10/a parent with a child under 10. About 14% were teenagers (like us) and the other 2% were creepy middle aged people. That being said, I did not have high expectations.

It opened with a stampede to a Hannah Montanna concert followed by Miley Cyrus and her little friend stealing a security cart. ""Haha,"" we said. ""How unfunny.""

The only characters we like were the creepy reporter guy and of course the hot cowboy.

We could NOT stop laughing at the stereotypical way southern farms/families were presented. We live in a very rural part of Texas, and I live on a farm, but my whole family doesn't gather in the living room to sing.

Also the cowboy's chicken coop was really awesome. It had an EGG for a door. AN EGG PEOPLE!

Anyway, we give it 5/10 for some funny parts and the hot cowboy.","5.0","neutral","2009-04-11","PaigeLeigh","ur20958291","True","23","27","https://www.imdb.com/review/rw2050897/"
"rw2060795","It hits the mark for its target audience - young, preteen girls and those who love them.","I hope anyone who is the parent or is a relative of young girls will overlook the negative review comments from what appear to be adult men. I saw the movie today with my sister and her 8-year-old granddaughter. We all loved it and we laughed a lot. Anyone who has a young girl, fathers too, I think will enjoy this film. It's not going to win an Oscar for acting but it sure gets my vote for light entertainment. I liked the music from both Miley Cyrus and Taylor Swift; they have different styles.

I'm am puzzled at the number of men who are reviewing a movie that is designed for little girls. I selected a couple of the reviewers who gave the movie one star and looked up some of their other reviews. I one case, his favorite movie contained a lot of violence and bloodshed.

At any rate, I give it an eight because it successfully did what it set out to do. That is to let a lot of little girls and their loved ones have a good time.","8.0","positive","2009-05-02","aj1747","ur12266664","False","103","53","https://www.imdb.com/review/rw2060795/"
"rw2057014","This movie was  so much fun and allowed me to escape (for a little while)  the stresses of college life!","I never write reviews, but I felt compelled to for this movie. First of all, I do not understand why people who dislike Hannah Montanna/Miley Cyrus would go see this movie. I am reading all of the negative comments and noticing the 1 Star ratings and am wondering why these people went to see this movie in the first place? Also, I am a college student who went to see this with my mom and my Grammy. We have sort of a tradition where we go see ""cute, girly"" movies together (Hairspray, Enchanted, 27 Dresses, Definitely Maybe and Maid of Honor were some of the ones we've seen in the theater together). Some of my favorite movies are The Prestige, A Beautiful Mind, Walk the Line, The Bourne Identity, and Fight Club, just so you know I'm not being totally biased reviewing this movie. In addition, I am not a fan of the show, but I've seen it a couple of times, just because all of the Hannah Monatanna hype made me curious. I thought the show's acting was cheesy and sometimes annoying, but I understand it's target audience is 10-14-year-olds. But this does not make me hate Hannah Montanna or think Miley Cyrus is stupid, annoying, lame, etc. I actually think Miley is fantastic--she's relatively clean, she's close to her family, she's passionate about what she does, and she has accomplished so much at just 16 years of age. Anyway, the previews for this movie looked different from the scenes of the lame sitcom on the Disney Channel. I was right--it was different! It had more of a Musical feel than the show did and Miley Cyrus' acting was LOADS better in the movie than on the TV show. Also, it was pretty funny! I also found it amusing that the lady who plays Jan from The Office--one of my favorite shows--was in it. Basically, this movie is so much fun and is really cute. If you're a Hannah Montanna or Miley Cyrus fan you'll LOVE the movie. If you hate Hannah Montanna, then why waste your time seeing this movie? If you're looking to see a movie that's fun, heart-felt, has a strikingly cute boy and has catchy music, then go see Hannah Montanna: The Movie!","7.0","positive","2009-04-24","BlondeLoisLane1988","ur9055156","False","10","18","https://www.imdb.com/review/rw2057014/"
"rw2107111","Typical of its genre","At this writing, the rating is 3.0 with 8908 votes. I would have expected 3.5 It's fluff, poorly done, with wooden ""acting"" and the certainty of purpose it seems only a teen could take seriously... and yet its target audience loves it.

And, although I hate to make the comparison, exactly what redeeming features did Elvis or Beatles movies have? In retrospect, not much.

I've been lucky enough to only be forced to watch one episode of the series, and from what I can tell the movie is just more of the same. If science ever discovers a cure for whatever it is that makes kids like this stuff, great... otherwise, this is typical and there will be more.

I will just add that I personally found absolutely no trace of realism or usefulness in this entire movie.","4.0","negative","2009-08-05","zapdude","ur0523464","False","19","22","https://www.imdb.com/review/rw2107111/"
"rw2341723","Predictable, hypocritical, clichéd- not good I am afraid","I will admit outright first, I do not like the show at all really, because I find it mainly unfunny and feel apart from two or three actors the acting is not good. So I wasn't expecting much when I saw Hannah Montana:The Movie out of curiosity, and while I do think it is a marginal improvement over the show, that isn't saying much.

The scenery is sometimes very nice, but I felt the editing was choppy in places. I also don't really like the soundtrack that much. Butterfly Fly Away was sweet, but I do not like The Climb at all, mostly because the lyrics are really uninspired and Miley Cyrus's vocals were rather forced for my liking.

What else didn't I like about the movie? Well, there was the clichéd plot line, with one too many predictable turns. There was a weak script, that tried to be funny or touching but failed, and a very dull romance. Then there is the message, for me this is one of the most hypocritical messages I have seen in a film in a long time. I can't say anything good about the acting or direction either. The direction is simplistic, while Miley Cyrus verges on painful to watch. Emily Osment tries her hardest, but is given literally nothing to do, while Billy Ray Cyrus should stick to singing than acting. And Barry Bostwick needn't have bothered really, he is a good actor, but with such a poorly written character he is wasted.

Overall, it is a waste of time. By all means you can see it and like it, but to be honest I didn't think much of this. 2/10 Bethany Cox","2.0","negative","2010-11-21","TheLittleSongbird","ur20552756","False","17","19","https://www.imdb.com/review/rw2341723/"
"rw2269897","Good movie? No.","I've watched some Hannah Montana episodes (more than I'd like to admit) and they have decent comedy without being too over the top like most Disney shows tend to be. Of course, having my favorite singer Billy Ray in it makes it better. But this movie was something else. Music numbers rarely fit the movie and they aren't really good. I enjoyed Butterfly Fly Away and Back To Tennessee but that's about it. Also, some scenes just don't fit the movie. Like the one where little girl sees Miley taking off her wig and stuff. It's a bad try to ad artsy scene to the movie. Also, the plot is something you see in the show every couple of episodes. And don't even get me started with that ending! I'm sure none of them will tell about her secret to anyone! Yeehaw...!","3.0","negative","2010-06-27","jupe-matilainen","ur23045398","False","7","5","https://www.imdb.com/review/rw2269897/"
"rw2051968","GOD, I'm lucky i didn't pay for this","my 1st cousin's were in town, (one child is a girl who is 6, the other a boy who is 9) they r pretty spoiled,(not the point) the parents give them everything. so anyway, my uncle and aunt gave me a mall card for $900 no joke, for the mall and said take them and get them whatever they what and keep the money left over ( my uncle went to the coseno with my aunt. i hate rich people). so i was stuck in the mall for about 14 hours,so i asked them what movie they wanted to see. naturally he said fast and ferrous, and she said Hannah Montana. i went to fast and furious with my friend and its not that appropriate for a 6 year old,(ma by the 9) so we went to see Hannah Montana. the theater was pact, there were screaming kids, i was made. so anyway the movie starts and the first part was interesting, i don't know how they got Tyra Banks to do this but when Mile started to dance to all kinds of crap i wanted to leave. Finally after 30 min my 6 year old cosine said this movie is stupid, and I'm like yes. so i decided to just suck it up and go back into the mall.

the movie really, really was awful.","1.0","negative","2009-04-13","SaraSmith1993","ur20907146","False","34","47","https://www.imdb.com/review/rw2051968/"
"rw2768504","Cute and enjoyable","First of all, let me say I'm the same age as Billy Ray Cyrus and, although I never cared for the man after the atrocious ""Achy Breaky Heart"", once I discovered Hannah Montana on ABC Kids on Saturday morning, and even after trying out the show once when I was in a motel with all the cable channels, I actually liked him as an actor. And my opinion on his one hit song has improved over the years.

But except for the music, I've found Miley Stewart and her friend Lily adorable. It would be nice if the ABC broadcast network could have shown us more than the one season, but that was enough for me to develop a taste for these characters. Sure, it's corny Disney fluff, but that's my kind of entertainment.

Robby Ray has strong family values, and he's not going to put up with any more nonsense from his daughter. It's a good message, especially in a world where teenage girls walk all over their clueless sitcom fathers. Well, this sitcom father has had enough.

Margo Martindale gives a fine performance, especially in one scene. She's not going to put up with her granddaughter thinking she's too good for small town life and the friends she has grown up with.

We have the stock Disney villain in Barry Bostwick. But I saw him in ""Spin City"" and know he's better than this. And of course the tabloid reporter who is a villain in his own way, going out of his way attempting to discover Hannah's secret. He has bubbly teen daughters who are obsessed fans who he has put in a strict Catholic school, and they're good for a few laughs.

And eventually the message gets through to Miley. But of course we have the standard deception story lines and the frantic switching back and forth between characters which I've seen done better, but it's still entertaining. I particularly liked seeing an attempt to make Lily pass as Hannah.

There's not much here that I would call music, but there's a lot that I would. I have mixed feelings about Miley Stewart's attempt to mix rap with banjos. The banjos I like. And in a scene that embarrasses Miley, family and friends perform what I would call good country music. There are a couple of good country songs. Even Taylor Swift does something that passes for country. Then we have Rascal Flatts, who sound surprisingly country on their instruments, but I can't get past the fact that their atrocious vocals sound like 'N Sync.

No one's winning awards for this. It's just fun.","","unknown","2013-03-17","vchimpanzee","ur2000855","False","4","3","https://www.imdb.com/review/rw2768504/"
"rw6559952","It could have been way better, but fans of the show can probably enjoy it","Well, let's start from the beginning, I'm a huge Hannah Montana fan, I loved the show since it came out, and I'm been able to watch everything again now with Disney+ through my 23-year-old eyes. And well, I still think the show it's pretty good and fun, with the little bit of nostalgy that only the ones that grew up watching the show would have, but still, pretty good. This movie tho, they could have gone in so many different ways, either with the execution or the story, and it would have been so much better.

I get the premise, I get trying to do something different from the show, and most of all, I get exploring the whole ""how is Miley becoming Hannah"" thing, it's a fair story bit, that was a natural ending since the first episode of the show. But I have a couple of things to add about the execution.

First, I know, it's just a kids show/movie, but how hard would have been to just make a movie, that could fit well into the show's timeline? Or at least... just don't ignore it? I've seeing the info that the movie was supposed to wrap the series up but 1) if that had happened... what would this ending even mean? That we didn't have a finale and she would go on to have a double life as a popstar forever? 2) C'mon Disney, if that was the plan, how in the world do you release the movie while the show was still running? (Season 3 would end almost a year after the movie's release).

Yeah, I know that season 4 came along and all that changed, but still, it wasn't that hard to just think of a story that wouldn't be ruined by the fact that the show continued. But then again, I know that's somewhat of a nitpick.

But my main complaint tho, is just that... the movie ignores most of the stuff that made the TV show so good, and without those things, it becomes not that different from every single bad rom-com that was ever made before. Yeah, Miley Cyrus is insanely talent, and the music is great, we still have that, but half of the movie completely throws away the humor, and becomes a melodramatic rom-com, which could have been a great idea, but it's just so far from what Hannah Montana was about. Oliver and Rico been there for like 5 minutes, and Jackson spending the movie fighting with Alligators and stuff is just a waste of some of our most beloved characters (with Lily basically being there to help Miley changes clothes too). Those characters were truly important to the show as well, and it would have been really easy to just have a story about ""how is Miley becoming Hannah"" with them involved (which would consequentially be more effective, and somewhat of a payoff for the fans of the show). Also, let's be honest here, Billy Ray is the worst actor of the bunch, so having him has the ""co-protagonist"" was not the smartest idea.

And well the ending where she tells hundreds of people her secret, and then... ""let's all forget what just happened"" is, a bit dumb (and I know most of the stuff surrounding Miley's secret in the show made no sense, but still, this crosses the ""level of dumb"" for me lol), and again, coming back to the whole ""the movie was supposed to wrap the show"", how is that a good ending to the show? Either she reveals the secret or not, chose one, Disney, c'mon.

Still tho, I don't think the movie is horrible. Of course, if you don't like the show (and if you don't... I have no idea why are you reading this rn, but... thanks? lol) you won't like the movie, most of the stuff you can ""let it pass"" in here, it's going to be cause you love the show and care about the characters.

Well, with all that been said I like most of the first half, I love the beginning, and I think is pretty fun to see another side (got it?) of Hannah we don't see in the show (mostly due to budgetary reasons) I think the humor in the first half is the closest the movie gets from the humor in the show, and well, through the first 15-20 minutes we have most of the main characters from the show as well, which imo, only makes it better.

I love the soundtrack, the songs are great, and most of them fit well in the story (some of the ones that are truly soundtracks during the film - and not performances - sometimes don't fit the well, but the ""performances"" ones are great). And again, I think the idea of exploring Hannah and Miley's ""relationship"" was good, but they sort of missed the landing, between the weird finale, the cartoon villain, and the spinning for 3 minutes on a revolving door in order to... be dramatic? The movie lost itself a bit, and threw away the opportunity of been great, or at least giving the show's characters the treatment they deserved, like other Disney Channel movies did (aka Wizards of Waverly Place).

To sum up, Hannah Montana: The Movie isn't horrible, but, for a fan of the show, I can't help but think it could have been way better, if they hadn't simply forgot most of the things that made the TV show so beloved. But then again, I'm a 23-year-old dude writing an almost 2-page long review of the Hannah Montana movie on IMDb so... what do I know.

Obs: It's just dumb and sad the backlash this, and the show got from older... dudes? Back in the day, I mean, c'mon people, can't we just accept when we aren't the target audience to something? I will always respect someone that watches something, doesn't like it, and then makes it a fair and honest explanation of why he/she thought the movie/series sucked, that's fine, but hating for the sake of hating (if you haven't even watched the movie) is just stupid.","6.0","neutral","2021-02-03","carlos37andre","ur61327404","True","1","0","https://www.imdb.com/review/rw6559952/"
"rw2129619","Very disappointing","Simple minds are easily amused I suppose. This movie went thought a hole a lot and ended up back where it started. First of all the tag line of the film ""shes had the best of both worlds and now she has to pick just one"", do you think she did? No, she tired to but 4000 something people told her to Hanna Montana AFTER she said she didn't want to do it any more and she agreed. Second poor Billy Ray, didn't get anything, why, was it to hard to give him a girlfriend in the TV show? Is that why Miley's selfishness brought his relationship to an end? And I may not watch the show very much, but the character of Miley was way out of character, she was never that spoiled. Among other things, such as her break-up with her best friend (which they got back together for no real reason other then the film needed it) to whatever messed up relationship she had with her boyfriend. I would recommend not seeing this unless your under the age of 10 and don't know what a plot is, parents, I'm sorry for those of your who must watch it with your young ones.","2.0","negative","2009-09-20","Hudak_7","ur10721299","True","11","11","https://www.imdb.com/review/rw2129619/"
"rw6862246","If you liked the show you will love the movie","I honestly don't understand all the bad reviews! I guess when something is this successful it tends to draw a ton of unwarranted criticism.","7.0","positive","2021-04-29","lilfitz27","ur45910419","False","1","0","https://www.imdb.com/review/rw6862246/"
"rw2448730","liked it,but not the best","not really good,but still entertaining and worth watching.did not turn out what i thought it would be and certainly not Miley's best but still it was not bad,nor good,it was alright,i am a big fan of Miley Cyrus and have been watching the show since 7.but the movie was disappointing,watching the trailer was exciting but to be absolutely truthful,the movie was just okay and not ''great'',so i think this movie could have done better but did'not.Billy Ray was in the movie and i thought he would be great at first ,and Jason Eales was excellent and Miley was okay too,Emily was fabulous,like always,so i think the movie was not perfect,but certainly not a complete fail.","5.0","neutral","2011-06-25","emilyevermiley","ur26603824","False","3","1","https://www.imdb.com/review/rw2448730/"
"rw2184052","Great movie, and I'm a guy","My sister paid me 10 bucks to watch this movie and I thought it would be the hardest ten bucks I ever made. Turns out I was wrong.

I went into this movie having never seen the show and with the impression that it would be some lame kids movie. After all, all my friends trash talk the show and make fun of it saying you're gay if you watch it. I was kind of skeptical to watch it, but, turns out it was an awesome movie.

The movie is full of witty humor, the music is actually catchy, and I'm not the kind of guy that cries at movies and TV shows but this movie almost had me crying. It hit an emotional spot in me that I didn't think I had.

For being a Disney movie, I honestly am impressed at what they produced. Miley Cyrus is a really good actress and has a good voice. I may even have a crush on her.

After seeing the movie I decided to watch a few episodes of the show. It's a different atmosphere than the movie but still has that same witty humor.

All in all, this is a great movie for anybody, and if you don't want to admit to watching it or you don't want anyone to know you've seen it, watch it alone. You won't regret it.","10.0","positive","2010-01-01","Ghost31","ur22628667","False","38","21","https://www.imdb.com/review/rw2184052/"
"rw5717012","An easy watch but predictable","In the wake of Disney+ i have been made to watch many bad 2000's shows by the wife and then it comes to this! Hannah Montana the movie, so this currently has a rating of 4.4 but i feel this is a little harsh. lots of hard work has gone into this film and the musical score isn't half bad. how ever the story line is week and predictable it does have comical moments. i was also a little mad that Taylor Swifts cameo was cast aside. i would recommend this to all 12 year old girls.","6.0","neutral","2020-05-07","jack_andrew_c","ur25476365","False","1","0","https://www.imdb.com/review/rw5717012/"
"rw2287015","Going, Going, And Your Brain Is Gone","I hate the show with a burning passion, but amazingly I hate the film more. When Disney is not making classic animated films they are shamelessly ripping off little girls with things like High School Musical, The Jonas Brothers, and the worst of them all Hannah Montana. Miley Cirus can't sing or act, but thanks to Disney she is a big star. Why is the show successful? It gives girls a leader who they want to be like. In front of them is a role model, but from behind the smoke and mirrors is just a rip off scam to get parents to cough up money. It has no charm, it has no soul, and the film makes that even more evident. The jokes are terrible, the film is extremely cliché, none of the actors can act, the songs make my ears bleed, and the plot is beyond idiotic. Every last character I hate. Nobody is likable. Miley is a bitch, her father is an awful actor, Miley's love interest is uninteresting, Miley's best friend is stupid, and everyone else I don't care at all about. The romance is like a stale piece of dry bread. You don't feel any emotion. In fact the whole entire movie is like that. It is stale, uninteresting, stupid, and soulless. It also throws in a F*CK YOU of an ending moral. I'm not going to spoil it, but simply put they made the worst moral I have ever seen. I mean you could have put a commercial for the Hannah Motana series at the end, and it would have the same exact thing as the moral. The music is also a thing to talk about with this movie. Let me say that it is the equivalent to hearing an innocent kitten getting slaughtered. There is few films that I have watched that have made me start crying in pain screaming for it to end. Congratualations movie because you have done it.

0 stars out of 4","1.0","negative","2010-07-28","wwe7961","ur23619158","False","21","28","https://www.imdb.com/review/rw2287015/"
"rw2281918","disappointing","I watched the series from when I was about 16 and I did enjoy it and I was wanting to see this film as I thought it would also be good, however when I have finally gotten around to watching it, its a total disappointment. The plot is empty and unrealistic. I highly doubt that thousands of people would never mention miley is in fact Hannah, and also the 'romance' in the film was pathetic, the boy miley was with (I can't even remember his name and I've just watched it) confused me as to why he was annoyed at her for not telling him that she was Hannah. The musical performances by Taylor Swift and fleetwood mac, although great, were pointless, it would have made more sense for them to appear at the end in the benefit concert. It would have been a decent end to the series as it did end it as it seems the main question of her being either miley of Hannah had been done, however the next series and finale just totally had no relation to the film which I find highly pointless. I liked Hannah Montana but the film was a let down. Only worth a watch if you're totally bored and it happens to be on TV when nothing else is.","2.0","negative","2010-07-19","emilyshambles","ur23568113","True","7","6","https://www.imdb.com/review/rw2281918/"
"rw2067211","Miley can't sing , Miley can't dance","After watching this sickly sweet dreck I went into a diabetic coma and I haven't recovered yet . I am writing this on the inside of my eyelids with my eyes firmly closed . My family is filing a hundred million dollar lawsuit,against Disney, for intentional injury . Wow ! what a load of garbage . We all knew that Billy Ray ,Miley's daddy, was a zero talent with his ""Achey Breaky Heart "" and all . What a hick !! So much of this alleged movie has been cribbed from better efforts I don't don't where to start , so I won't . Youngsters deserve better than this . Disney's golden age is long,long past . Pixar is the only unit of the mouse house that actually cares about the product they convey .","1.0","negative","2009-05-16","hannibalw","ur0702600","True","21","30","https://www.imdb.com/review/rw2067211/"
"rw2089185","terrible!","i went into the cinema expecting to have made the greatest mistake of my cinema movie watching ""career"". i wasn't wrong. the truth is i have always been indifferent about the ""Hanna Montana"" brand. but seeing the poster of the movie alone tells the expected ""weakness"" of the movie. the movie is simply a children movie. extremely predictable and childish. it doesn't even deserve the ""general"" rating. its more of an Under 13 movie. but the surprising thing is that my friends enjoyed it. why? they were expecting something extremely terrible, but they found out it wasn't that bad. so if you want to watch it, adopt a similar mentality. you probably would like it. as far as i'm concerned, Hanna Montana doesn't have a quality musical voice (in fact, the other performer in the local fund raiser during the movie showed how floppy her vocals are). the story starts extremely childish, peaks around the middle (it was a little funny), but as it was seeming to be a decent movie, the end screws it all over!!! for heaven's sake, how can you tell me a whole neighborhood could not tell the difference between a girl with a blonde wig and one without it! then they make very fundamental mistakes. the there are also very unnecessary scenes (like were they were looking for Hanna during their meeting with the mayor, and running in and out of the hotel building). in summary, this movie is for children.","1.0","negative","2009-07-01","psychlubz","ur20316225","True","10","11","https://www.imdb.com/review/rw2089185/"
"rw2518439","It's The Climb.","As I mentioned in my Justin Bieber Never Say Never review I said that I was going to review Hannah Montana The Movie and see how that holds up. Well I can certainly say that... it doesn't.

The film follows Miley Stewart/Hannah Montana played by the controversial actress Miley Cyrus as her father played by Billy Ray Cyrus takes her to go see her grandmother in Tennesse instead of going to New York for a concert because, get this, she got in a shoe fight with Tyra Banks! Now she has to choose between Miley and Hannah.

Like Justin Bieber Never Say Never this has got to be one of the worst ideas ever created into film. Nothing about the show screamed MOVIE! so why did we need one. Granted it is not as long as the Justin Bieber movie but still feels like an eternity. The show if you are wondering is pretty bad to but not as bad as this movie. This is one that you have to steer clear of. My next review will be a very big surprise.

Rated G.

1hr 42min/102min.

BOMB/****","","unknown","2011-11-14","kylehaines96","ur25851619","True","3","2","https://www.imdb.com/review/rw2518439/"
"rw2093622","2.5? Honestly I think it deserved more...","I'm 18, i just watched this movie.(my friend and I were the only older ones not accompanying kids below 12 there) Aside from the fact that they should have picked a hotter dude to play her love interest(no offense to his fans),I though the movie was good. I actually loved the songs however cliché some of them may seem. The story? I didn't think much of it, some plot holes were a little too big to ignore. I laughed so much on some parts though, especially the ones involving her brother.

I'm not a fan of her and still not a fan right now. But I sure liked this movie. It was a good hour and a half...","6.0","neutral","2009-07-10","garfyldrox","ur10292969","False","5","8","https://www.imdb.com/review/rw2093622/"
"rw2122780","Absolutely Shocking","Movie was a really bad, was amateur filming with many bad sound effects. The story was generally good but the lack of acting took all the goodness away....a bit like an Oreo once you've eaten the center . You really need to watch this movie with someone you like so that you can keep amused..... Great music and singing throughout and the choreography can be somewhat good. Overall however, the movie gets a 1 from me because of the issues that i had pointed out. Its really hard to make this review the minimum of 10 lines long.....the weather down here is really cold. Only get this movie as a last resort. Pick the Flintstones, their foot powered cars will be this amateur acting any day","1.0","negative","2009-09-06","longy-spunk","ur20672006","False","10","12","https://www.imdb.com/review/rw2122780/"
"rw2056837","Jealous and Disappointed Much? :)","-------------------------------------------------------------- Sounds like you were highly disappointed that it wasn't an ""End All"" of the Hannah/Miley switching. Also, do I sense a bit of jealousy? :) Yeah, the movie wasn't fantastic, but in no way did it deserve a 1 star. Ever seen Dracula 3000? The Hannah Montana movie was just a good wholesome family movie with decent acting. Yeah it probably would have been better off as a Disney Channel Original Movie. However, if you want to take the family out for a movie with good morals and a cute story, it's worth it. Just don't expect Grammy material :) ----------------------------------------------------------------","7.0","positive","2009-04-24","skaerforever-1","ur11029093","False","8","18","https://www.imdb.com/review/rw2056837/"
"rw2135458","What was this...?","I don't know what happened when they were making this movie. The fact that someone actually allowed this to be screened and shown to the general public never ceases to amaze me. 

Right, first of all, Ms Miley Cyrus has no acting talent. None. Don't get me wrong, I'm sure she is a lovely young lady, I'm just saying that she should not be on screen. Ever. This was one of the flattest, most 2 dimensional acting performances I have ever seen. There is next to no character development at all in the movie. Miley, realising this, is forced to resort to using over-dramatic, rather unnecessary arm movements and yell a lot. The yelling makes you look at the screen at least. In stark contrast, Billy Ray Cyrus barely reacts at all to anything that is happening. He appears to almost fall asleep in about three different scenes. This wears off on the audience. I would have been in dreamland had it not been for my popcorn. It does not even occur to poor old Billy Ray to start yelling. Instead he uses hillbilly humour. Yay. 

Some of the minor characters and supporting actors/tresses at least try their best to amuse the audience, like the ever so grand Vanessa Williams, who almost always delivers the goods. 

Now, the music. Hannah Montana is supposed to be about a Pop superstar. For a Pop superstar, Miley Cyrus has a shockingly poor voice, although i assume most of you would know that from watching the delightful TV series. None of the songs in this part-musical have any sort of competence about them. Except for perhaps ""The Climb,"" which at least provides some kind of thought provocation and meaning and is the only song worth playing a second time. But that is it.

If you can ignore the obvious plot holes, like how an entire town fails to realise that a brunette and a brunette with a blonde wig are the same person, then at least you may be spared a bit of the torture and be able to make witty remarks and jokes throughout the film to your friends, who will no doubt be watching it with you. If you watch this film alone, you will go insane.

Well done, Disney. You have successfully degenerated into low quality trash.","1.0","negative","2009-10-02","Ze_Panos","ur22182482","False","9","11","https://www.imdb.com/review/rw2135458/"
"rw2090608","for those who ""underrate"" .... !??","Being a 25 years old grown man, with a settled up life, i just enjoyed and totally loved this movie. Why? Because i achieved something in my life, not what i always dreamed about, but something... and this movie made me think about what am i about to loose.. DREAMS! We always dream, and this girl just reminds about not loosing your morale, and always fight for something you always wanted.

Bad acting you say? What? ... What? What did you expect? I just do not understand what people mean by ""bad"" acting! Like, i do, but not in this case. I'd never say that she was bad at her role, she did just awesome acting as a famous teenager. She was just great! The movie has a lot of family life involved, as well as friendship between two girls. Which gives it a ""must see"" for those who feel lonely.

So anyway, if you are looking for an inspiring movie, it's the one for you.

Commented by a simple man.

When did you last talk to your parents, grandparents? Four months for me. Made me think.","10.0","positive","2009-07-04","zaezzz","ur21397666","False","43","37","https://www.imdb.com/review/rw2090608/"
"rw2131338","But The View Is Better Than Average","""Hannah Montana: The Movie"" had me firmly on its sideuntil the members of the country music trio Rascal Flatts showed up as, get this, three of Miley's relatives who lead the family in sing-alongs. It is the type of cheesy scene that, even if you like their music, makes you want to laughalthough not in a good way. From that point, this film, the big-screen adaptation of Disney's hugely-popular television show, had to do whatever it could to win me back. Fortunately, aside from a silly alligator attack and an all too sappy ending, it manages to mainly succeed. Much of the credit for this success can be directly attributed to its leading young lady, Miley Cyrus, who gives a spirited and charming performance. She is essentially playing herself in a role that she has been perfecting since 2006, so the chance of this film being her career-defining moment is slim but, regardless of how insignificant this performance will doubtlessly seem in the grand scheme of things, she deserves credit for making this film as good as it is.

Read My Full Review Exclusively At: www.thecinemaview.blogspot.com","6.0","neutral","2009-09-23","thecinemaview","ur22120378","True","3","4","https://www.imdb.com/review/rw2131338/"
"rw2058850","What can I say ???","I was a bit curious when I heard about this T.V. Show coming to theaters as a movie. I somewhat liked the show. It was funny to watch. But what the T.V. Show succeed in, the movie failed totally.

I know the title is ""Hannah Montana"" , but that does not mean that the movie has to completely revolve around her alone. Lily and Oliver are supposed to be Miley's friends. But, here it'a like Lily's a tiny addition and... Oliver... Where is he ??? I don't see him... And, also, where is Rico ??? At least I thought, apart from the movie being too predictable, the characters might have done better justice. Atleat i was somewhat glad to see that Billy Ray and Jackson got some small roles. The only thing I like about this movie is one song called ""Butterfly, Fly Away""...

A spoiled, wasted movie that could have been made much much better","1.0","negative","2009-04-28","stiva","ur8049104","False","13","19","https://www.imdb.com/review/rw2058850/"
"rw2528086","Like Cyrus, it tries way too hard","As the father of a twean this was required, and frankly painful, viewing. This evaluation surprises me somewhat given that the Cyrus / Disney television program on which this mess is based is the least bad choice among Disney TV offering for this age group. In fact, in a weak moment, I might concede that Miley?s often genuine interactions with her father (despite his worse-than-a-mullet haircut) and plots centered around Miley?s moral shortcomings coming back to haunt her make the show somewhat substantial and entertaining. Had the movie simply offered up a twice extended episode of the show Disney would have had a fairly watchable movie. Unfortunately the movie reaches for schmaltz and to say something profound about one?s roots thereby subjecting us to a decided lack of warmth and humor, uninteresting supporting characters and absurd plot twists ending with the idea that a few thousand Tennesseans will keep Miley?s secret. It seemed painfully apparent to me that Cyrus has outgrown her alter ego and hoped this movie would spell the end of her. Unfortunately, Disney characters never really die.","2.0","negative","2011-12-05","estreet-eva","ur27774704","False","7","8","https://www.imdb.com/review/rw2528086/"
"rw2051924","Hannah Montana: Entertaining Children's Movie","I went to this movie with three of my nieces and a theater full of children, girls AND boys alike. I was expecting a horrible movie because I cannot stand the television show. I was pleasantly surprised. Though not perfect, Miley Cyrus's acting has improved A LOT. The story and plot was okay for the most part, even though the ending was disappointing to me. Though it may be deemed cliché by many, it was very entertaining and was very ""cute."" The Hannah/Miley of the show has certainly developed in character, growing from bratty to somewhat mature - at least, empathetic. The moral teaches empathy and caring about your family/friends. And, of course, there was a daughter/father bonding moment, which many people can relate to. These are lessons I definitely agree with! On the flip side, there is a lot of glitz and makeup applying which may lead girls to be prematurely interested in these things. But that's up to the parents to steer their children the right way and not let them grow up too fast. In the end, my nieces loved it, of course, and it was nice to be able to see a clean, family movie with them.","5.0","neutral","2009-04-13","nichole-23","ur10817602","False","16","27","https://www.imdb.com/review/rw2051924/"
"rw2083437","It's All Right Here? More like It's All Wrong Here.","Seriously, what the heck was Disney thinking? The promos make the movie seem SO good, but once you see it, you'll be biting your nails for a week just thinking about the horror in people 13+. I'm sure my 7 year old sister thinks it's the best movie ever, but I just hated it! I regret wanting to see this more than anyone that has ever lived and will ever live! Looking back, I used to LOVE Hannah Montana. But after watching the new Saw, I hate Miley Cyrus and the rest of the crew! Just thinking about the movie makes me afraid to leave my house!! So my point: If you've seen it, you probably hated it! But if you haven't, do the world a favor and don't watch it!","1.0","negative","2009-06-19","girlzrock101","ur21324822","False","8","12","https://www.imdb.com/review/rw2083437/"
"rw2312623","What is wrong with this movie I thought it was a nice film","Sure its not Oscar worthy but hey I thought it was a nice film all about where you come from and that family is important NOT fame. The movie is based on the TV series of the same name. In the film version Miley Stewart's double life as a popstar named Hannah Montana takes over her life and she forgets the one thing thats important family. So her dad brings her back to Tennessee where she learns who she is as a ordinary teenager and not as her alter ego Hannah Montana. As she spends some quality time back in her old hometown she must choose who she wants to be Hannah or Miley?. The ending to this was awful but having said that I thought it was a nice film and Miley Cryus was great in it. The songs were great and the setting of Tennessee is outstanding.","7.0","positive","2010-09-19","lisafordeay","ur23566468","False","3","5","https://www.imdb.com/review/rw2312623/"
"rw2078125","Fine for children to enjoy","I will admit,I'm not a big Miley Cyrus fan.I personally do not think she is very talented,but it's enough for the targeted audience.This movie focuses on Miley Stewart(Cyrus),letting her alter ego Hannah Montana take control of her life and is sent back to Tennessee to her Grandma Ruby's farm. I'll admit,throughout various parts of the movie I was cringing at Miley's acting or singing.But I think this movie is a good movie for Hannah fans,and they will be satisified,especially that she is still Hannah,even after revealing her secret.The ending was poorly written,I'll say,though. Overall it's OK for children between ages 5-11.","5.0","neutral","2009-06-08","greengrapey","ur20809162","True","5","6","https://www.imdb.com/review/rw2078125/"
"rw2054220","Great movie for KIDS.","Okay, I've read the reviews and decided to take my 4 year old anyway. The truth is, it's a great movie with a great message ""No matter where you go in life, you can't forget where you are from."" From an adult's point of view, it was mildly entertaining. If you can sit through the show, then the movie is okay. I personally don't mind Hannah Montana.

My son loved it. He was a little too young to understand the ""big issues"" but still, it was Hannah Montana.

As for the music, well, it is targeted at a younger level. It's really not bad if you can think on a child's level and realize that there is an odd phase for pre-teens when the little kiddie songs are too embarrassing to sing and the adult songs are well, usually a little TOO adult and under-edited.

This movie is good, clean, fun for a family with younger children. If you are an adult looking for adult entertainment, then I suggest you try a movie made for an adult audience.

For those leaving the bad reviews talking about how the music isn't likable as an adult, you need to get real. This movie wasn't made for adults. It was made for kids that enjoy watching Hannah Montana. End of story.

Before leaving your comment, please stop and think like a child. If a child enjoys it, then the purpose of the movie is fulfilled.

Again, this movie really isn't bad. I would have preferred to have seen more of the setting as shown in the television show and the characters in the show to play bigger roles, but overall, it was good.

Added bonuses: Rascal Flatts is featured without being recognized in the movie as themselves, Miley sings as both Miley and Hannah, and Billy Ray sings too (plus he's just HOT).","7.0","positive","2009-04-18","kellydyanherring","ur20999028","True","5","14","https://www.imdb.com/review/rw2054220/"
"rw2057573","""Let's Get Crazy!!!""","Today, I treated myself to a double feature at my theater. I saw this and Crank: High Voltage. For about a month, I have wanted to see this movie, and I'm glad I did. I'm a 19 year old guy, and I enjoyed it! I love when she sings Let's Get Crazy and the Hoedown Throwdown. After upsetting Lilly at her 16th Birthday party, Robby takes Miley back to Tennessee to find her true self. She meets a childhood friend from 1st grade, Travis who still has a crush on her. After having fun in Tennessee with her friends and family, Miley thinks of letting her alter ego, Hannah Montana go for good. I loved when Miley had to be two places at once. What will she choose? I highly recommend that you get up and dance, and see HANNAH MONTANA: THE MOVIE!!!","5.0","neutral","2009-04-25","Pumpkin_Man","ur13288300","True","8","13","https://www.imdb.com/review/rw2057573/"
"rw2158760","This is a FAMILY Movie","It's sickening to read certain comments about this movie. Are you people seriously that delusional? This movie was aimed at pre-teens and younger! This movie was about being true to yourself, your friends, and keeping your family routes deeply intact, which it completely succeeded at. Miley Cyrus' and Billy Ray's performance definitely won't win them an Oscar but why should it matter? What was believable was the power they showed in having a strong, healthy, loving relationship with your parents and family, and to reach your dreams while staying grounded and staying true to who you are. Also, rather than showing a spoiled brat, she showed deep consideration for her father, family, and friends in this movie, which I can't say much for many kids today. Miley Stewart showed more consideration than some adults twice her age.

Most of these comments are based on materialistic values, such as her voice, which is a selling point or her acting. Hello?? Anyway who cares about a good plot knows you have to have a good THEME, good moral value... which it did. I give this movie a ten out of ten for it's category.

I was scared to watch this, and bought it for my little sister's for Christmas, because I have seen how Miley is now, if you ever watched the video for Party in the USA. She has her bra hanging out and wearing daisy dukes... that's not becoming. And it's because of people like you, who grade her on materialistic values that she's becoming like that. Ostracizing her for making her dreams a reality, she's sixteen turning seventeen! She shouldn't be in a rush to grow up, she has the rest of her life for that. My brother just turned sixteen and is now allowed to date. He acts his age at least... Miley is acting beyond her years and it's not her fault. I applaud her in this movie because she shows her age in it. It's targeted for family viewing and it appeals to a family based audience. Ya so what if her acting was over the top in some parts and Billy Ray's was a little under developed. If you go to school plays, they don't have much better acting skills, I'm pretty some of you who are commenting can't act any better than Billy Ray and your kids probably can't act as well, I'm pretty sure some don't even understand character development. Why should that matter? If you sit there and judge a movie based on how their performances match to those who win Emmy's, well of course they're going to fall short. It's a kids' film. If you don't agree then you're not a family oriented person and maybe should do the same as Hannah Montana/Miley Stewart did and go back to your roots, and find out what matters most.

If you have children, definitely watch it with them. You will enjoy it as much as I have and if my little sisters' prevail me to watch it over and over, I'll do it. I'll even sing along. I rate it 10/10.","10.0","positive","2009-11-16","Littlechicky_hotstuff","ur20220922","False","22","17","https://www.imdb.com/review/rw2158760/"
"rw3374889","What a surprise...","Given that the entire Hannah Montana franchise is for kids and/or pre-teens, then I never actually have seen anything from it aside from the merchandise in stores. Then one day in 2015 they showed the movie on TV, and I decided to hang around to watch it as there was nothing else worthwhile watching.

And I must say that I was quite surprised with it. The story was actually quite OK, keeping in mind the target audience. And Miley Cyrus actually performed quite well.

Without being familiar with the TV series, then I can say that ""Hannah Montana: The Movie"" was a fun and entertaining movie that can be watched regardless of your age. Sugar-coated and predictable, yes, but still fun enough.

As for the cast, well they were doing good jobs with their given roles and characters. The most familiar faces were Barry Bostwick and Vanessa Williams, who could, in my opinion, have been given more screen time.

This movie did tear down some assumption-based opinions about the franchise for me, although I don't plan to watch the series just because the movie was better than anticipated.","6.0","neutral","2015-12-19","paul_m_haakonsen","ur22654354","False","1","1","https://www.imdb.com/review/rw3374889/"
"rw2104563","Some songs are okay though!!!.","Disappointing to see Disney falling below standards. The story-looks like it was written for a half hour series and feels a bit too stretched.But the screenplay was even worse-was supposed to be a musical comedy i think-does not hit the mark-was not impressed by humor at all.Humor in form of caricature of a character by mannerism may have worked on TV but in a commercial movie it fails miserably.

Then the acting...except a few in the supporting cast acting was below ordinary and in case of the lead-terrible.Lines-again,changes in intonation is supposed to be subtle to have a lesser impact on actors and maximum impact on the audience-prolonged usage kills the joke and the joker making acting look poor.

Having songs for 20-25 mins of the play time helps matters though.A couple of numbers are hum worthy.Must have been a made for TV movie with a small budget.We have seen the HSM franchise move from TV to the screens.Looks like this will have to move the other way around.","2.0","negative","2009-08-01","jac87","ur21839740","False","6","9","https://www.imdb.com/review/rw2104563/"
"rw2196926","a little better than I expected","I've never seen the TV show, but I thought this movie was cute, but definitely aimed for young girls. It had more comedy then I expected and was amusing. Since it is Disney, of course it's going to be cheesy. Like why was Rascal Flatts in this and why did Taylor Swift make a 10 second appearance. I'm surprised Miley would even allow them to be in the film since they can sing and she's not much of a singer. And none of the songs were catchy except the Hoedown song. The songs in the film had substance similar to cotton candy, by that I mean no thought just silly fluff.

FINAL VERDICT: Only for fans of the TV show.","4.0","negative","2010-01-24","MLDinTN","ur1773414","False","3","3","https://www.imdb.com/review/rw2196926/"
"rw2341114","Hannah Comes Home","The legion of fans that Hannah Montana has guaranteed a built in audience for the Disney Studio when they decided to take the show from the small to the big screen. All the people from the TV show are there with a few new additions, none of whom ever made it back to the small screen.

Especially Lucas Till who was introduced as a new love interest for Miley Cyrus as Miley Stewart aka Hannah Montana. I really thought at some point they would bring him into the TV series, but I guess he didn't want to leave Tennessee.

Which brings us to the film, the pressures of leading that double life get a bit too much for Miley/Hannah and her dad Billy Ray Cyrus decides that a trip to Tennessee might be just the thing especially as her maternal grandmother will be having a big birthday bash. Vicki Lawrence plays her paternal grandma on some episodes of the TV series, but the grandmother here is played nicely by Margo Martindale.

The villain of the piece is developer Barry Bostwick who wants to put a strip mall and gut the small town of Crowley's Corners Tennessee. The local folks can't raise the money until a certain well known celebrity from the town lends a hand.

If you read my review of the TV show it is one of the most ludicrously premised shows ever done. The relentless paparazzi would have tracked down Hannah's double life by the third episode in real life. However on the plus side as I also stated Miley Cyrus is a lovely young lady with a terrific singing talent and the film's biggest asset is just that.

Not a great film, but Miley's fans will love it.","5.0","neutral","2010-11-19","bkoganbing","ur2483625","False","2","2","https://www.imdb.com/review/rw2341114/"
"rw2054624","Not my cup o' tea, but good for the kids. Good enough for me","Some of you may be saying ""You're a hard drinkin, hard fightin', smokin', drinkin', tattooed son of a gun. 3 Stars? Have you gone soft?"" I went in expecting the worst. I even took my friend's fiancée along, so I wouldn't seem like ""Creepy old guy at the Hannah Montana."" But you know what? I wound up enjoying myself with this cute little kids flick, as generally mindless as it maybe.

Miley Cyrus plays Miley Stewart, who leads a double life as pop sensation Hannah Montana. Only a close knit crew of people know of the double life, and Miley must make the difficult choice of keeping Hannah in her life, or reserving herself to a normal life as Miley. Her father/manager Robbie Ray (Billy Ray Cyrus) ships her off to her hometown in Tennessee following celebrity shoe battle with Tyra Banks to get a dose of the real world, and there she learns to love life as not Hannah. Even finds time for a love life as Miley with farm hand Travis. After it comes out that Miley is ""good friends"" with Hannah, she's forced into the awkward situation of being with friends and family at the Hannah Montana benefit concert, put on to save her hometown from being bought up by greedy land developers.

This movie combines all the best elements of an 80's sitcom, throws in the ""Superman Complex"", and rounds it all out with, good, wholesome family fun, that last part I can't, in good conscience, fully decry.

Remember in ""Family Ties"" when Alex would get a date with one girl for 7pm, and another for 9pm, and then the girl at 9 had to reschedule for 7, so rather than call one off, he tries to manage both dates at the same time? Oh, and at the same restaurant? He'd have to pretend to smoke for one of them, so he could get 9 to sit in the smoking section. Yeah... it was marginally funny then. And got decreasingly funny when Kirk Cameron did it on ""Growing Pains,"" then Joey Lawrence on ""Blossom,"" then it got passed around ""Family Matters,"" ""Step by Step,"" ""Boy Meets World,"" and countless other 80's and 90's sitcoms. Yeah, that's pretty much Hannah Montana. And the ""Superman Complex?"" - No one seems to realize that Superman looks exactly like Clark Kent without glasses. Likewise... no one seems to realize that Hannah Montana is a blonde Miley Stewart.

The thing about Miley Cyrus, is that I'm rooting for her... she's got some great potential that has yet to be fully realized. I don't think she's a brightly burning star that will fizzle in a year when the Hannah Montana black hole collapses. That's not a slam against Hannah Montana, I just felt like running with the astronomy reference. And she does show a phenomenal screen presence that I would like to see continue on throughout for career. I hope she isn't hampered by the long arm of the Disney Channel. Think a female Shia Lebouf. Let's just hope she doesn't go on to ruin the 80's.

The thing of it is... It's not made for people like me. You know, the over 14 crowd. And it's not made for critics. It's made for kids. We all had movies that we loved as kids, and looking back, we wonder why? Mighty Ducks? Anyone? That was our kids movie, and sticks with us to this day. I now realize it as a mediocre at best flick, but it holds a special place in my heart. And it will for kids these days (that makes me sound like a fogey). I can't fault these kids for that. I'm gonna let them have their movie.

Look for fun cameos from Rascal Flatts and the very lovely and talented Taylor Swift. Barry Bostwick pops up in a funny little role. But in all seriousness... what would have made this film... is Billy Ray Cyrus singing his signature song, ""Achy Breaky Heart."" You picked up a guitar. You were in front of a mic. You couldn't do the ""Achy Breaky?"" Throw us older folks a little something.

P.S. For those of you who don't know, I'm not as old as I make myself sound. I'm 23. But I am older than the target audience for this flick.","","unknown","2009-04-19","BrodieMann","ur2230502","False","4","16","https://www.imdb.com/review/rw2054624/"
"rw2102829","nice family movie","okay, all the hysteria about hannah montana and miley cyrus might be annoying sometimes but this shouldn't be the reason for rating this movie so low. that's why i rated it 7. people who rate movies without seeing them are seriously jeopardizing IMDb's credibility.

i'm 24 years old, not a hysterical teenager and i like watching all sorts of films, that's why i gave hannah montana a shot and i don't regret it. It's a fun movie with nice music and it does what it's supposed to do: it entertains. the cast is likable, the story doesn't add anything new to the genre, but who cares?

i don't expect any intellectual indie stuff from a Disney flick. it has a nice little morale in the end but it doesn't make you think about the wrongs and rights of the world.

BECAUSE THAT'S NOT WHAT THIS MOVIE IS ABOUT!

'hannah montana: the movie' is a funny and sweet flick and you'll enjoy it if you see it for what it is.","6.0","neutral","2009-07-28","tanjareen-1","ur19008611","False","3","11","https://www.imdb.com/review/rw2102829/"
"rw3250143","Hannah Montana Shame.","Hannah Montana: The Movie (2009): Dir: Peter Chelsom / Cast: Miley Cyrus, Billy Ray Cyrus, Emily Osment, Jason Earles, Melora Hardin: Based on the popular TV series, the feature film focuses on the person behind the music. After being in the spotlight Hannah Montana spends two weeks in her home town where everything depends on people not knowing who she is when her wig is off. Rushed premise deteriorates into predictable storytelling. Directed by Peter Chelsom with some good musical numbers. Chelsom's trek record is spotted at best. Among his credits are Shall We Dance and The Mighty. Miley Cyrus pulls off the duo job of star and hometown girl. It is recycled material but her enthusiasm scores points. Billy Ray Cyrus plays her father who will find romance but no where does he find a way to make this guy interesting. There is even the guy whom Montana will find romance with whom will go through the motions until he realizes that he loved the real her. Give me a break already. Flat supporting roles by Emily Osment and Jason Earles. Melora Hardin makes an appearance as Billy Ray's romantic interest and one could imagine that she wishes to be on the set of The Office instead. The film examines Montana's roots while story never really takes off. In fact it is all geared as a bad promotion for a TV show that will be every bit as remembered as Lizzy Maguire in a few years. Score: 3 ½ / 10","3.0","negative","2015-06-02","anaconda-40658","ur60028700","True","2","2","https://www.imdb.com/review/rw3250143/"
"rw2062302","not that bad","i don't know why i watched this but i was expecting much much worse its not that bad at all considering how bad i thought it was going to be!

its aimed at kids deal with it, its not aspiring to greatness its just entertaining kids in their school holidays. i think the way they talk about split personalities is a nice simple way for children to understand without making to big a deal out of the issue, and she turns out to be a nice girl in the end. i liked the country music slant on pop tat and even the boy didn't make me want to puke that much so all in all i think its OK

i haven't seen the TV series and i don't think this film is great in anyway but its OK. little girls will love it, so stop being mean!","6.0","neutral","2009-05-05","keepclear7","ur21089679","False","3","11","https://www.imdb.com/review/rw2062302/"
"rw2061900","Could have been decent","The one redeeming factor of the TV series was the humor. While it is clear Miley can't act her over the top acting does lend itself to humor. unfortunately that was almost completely absent from the script minus a few slapstick humor moments. The drama (of finding your self) that replaced this humor was lost in Miley's cheesy smiling and arm motions. Billy Ray on the other hand shows no emotion resulting in both of them missing the mark.

The plot is predictable but so is every other Disney movie plot, what makes Disney movies great is the characters, characters you fall in love with and want to succeed. Miley/Hannah's character as well as Billy Rays characters fall dead. The story could be good, if you sympathized for miley/Hannah or Billy Ray but you don't, again because of the acting. 

In the show I always loved the side characters and felt they spiced the show (Jackson, Lily, Oliver, Rico), unfortunately you see them only briefly and all of the humor they usually bring is completely gone. Instead they are replaced by Miley's family and Travis(the love interest) which i felt made the movie boring and it dragged in parts.

One upside to the movie is the music, if you like Hannah/Miley's music (which I admit to liking some songs) you will love the soundtrack and enjoy the concert parts in the movie.

If you love Hannah Montana, and her music, I'm sure you'll love it. If you love the humor of the show or just want something to watch I'd skip this one.","3.0","negative","2009-05-04","Chocolateblood","ur9561175","False","5","11","https://www.imdb.com/review/rw2061900/"
"rw2108176","Awesome Movie","The Movie really hit his target very well.

It's a well known Hannah Montana history in an amazing family history. 

Miley is facing in, this movie, the superstar crisis and ray dicide that she could use some time back home to know where she comes from. What born there is an amazing family history, that make us thing in some life decitions of out own and how easy sometimes things just turn wrong

Don't know why the public just wanna trash Hannah Montana The Movie because it's just that... wanna trash it. I even doubt that a lot of those who votes even saw the movie.

I really recommend to see it, if you wanna see a nice family movie with a lot of music and emotions on it.","10.0","positive","2009-08-08","joascrack","ur21879248","False","24","21","https://www.imdb.com/review/rw2108176/"
"rw2054962","Great Family Fun","Ladies and Gentlemen I was dragged to this movie by my wife. We took our two boys (6 and 3). I was expecting find a theater full of young girls and moms and that is what I found. Besides myself there was one other father. He sat in front of me and we exchanged the classic man head nod and look of ""this is going to be horrible"". We were completely wrong! This movie was excellent! You can have my Man Card. The story is predictable, but well told. The music was great. It was refreshing to go to a movie and not worry if the content would be safe for my kids. Good job Disney! Ms. Cyrus is truly a talented young lady, and seems to be turning in to a fine young actress. Billy Ray's part was great as well. Jason Earles was hilarious and underused. The kid is a comic genius, I hope someone in Hollywood picks this guy up and uses him to his potential. The movie is not a 10, but well worth time. It's like watching a country version of The Cosby Show. Take your Family!","7.0","positive","2009-04-19","bartletts","ur20488464","True","3","12","https://www.imdb.com/review/rw2054962/"
"rw5673605","Oh Boring","This Movie Is So Boring Hated Every Minute Of It It's Not Worth Watching At All Don't Waste Your Time Watching It","1.0","negative","2020-04-25","dickinsonjason-34081","ur111479521","False","3","5","https://www.imdb.com/review/rw5673605/"
"rw5665785","Waste of time","I even can't understand anything about this movie. Stupid story-line and strange acting. Not going to see it again.","1.0","negative","2020-04-22","js-morgan-82894","ur117163336","False","3","5","https://www.imdb.com/review/rw5665785/"
"rw6794994","Just here so my girlfriend can read this","Camp Rock is a better movie. No offense to anyone.","1.0","negative","2021-04-09","aleks-71245","ur131224335","False","3","5","https://www.imdb.com/review/rw6794994/"
"rw4102209","Yeah, quite bad","I never watched the Hannah Montana show and I hadn't heard very good things about it anyway. What I didn't like about this movie was how clichéd it was. It features Hannah er Miley going to the country and wondering how to fit in and where she truly belongs. The most annoying part is when they bring out this Two Timer Date cliché and it's so predictable. She continually changes wigs because that's all you need to disguise yourself as someone else. The slapstick was really bad.

I was especially annoyed by the guy falling in the mud and the ferret running wild. It's just nothing but sitcom clichés and my biggest complaint might be the ending. It features Miley learning that Hannah is a part of her. I actually thought this might send a bad message to kids. Isn't it saying that you shouldn't be yourself? Well, maybe I'm looking too deep into it but I found it pretty dumb. *1/2","4.0","negative","2018-03-24","ericstevenson","ur66601046","True","1","1","https://www.imdb.com/review/rw4102209/"
"rw2085457","I'm afraid to watch more then an hour of it...","I watched this movie at my friends the day it came out. I couldn't wait to make fun of Hannah Montana at a farm. One sentence to sum up this whole movie? A stupid princess goes to a farm and falls in love with a farm boy where she has to give up one of her wonderful kingdoms to become a normal girl. So after an hour of this movie I couldn't help but stand up and leave. No thank you. This is the kind of movie that you'd rent with your friends and watch at 4 in the morning just to make fun of it all night. It's pretty amusing! Sadly I think it's the best acting Miley Cyrus has ever done. Pretty close. See for yourself... it's pretty hilarious.","","unknown","2009-06-23","lilypads-1","ur21345975","False","2","6","https://www.imdb.com/review/rw2085457/"
"rw2076087","A Nutshell Review: Hannah Montana: The Movie","My only exposure to the father-daughter make believe Disney World that Billy Ray and Miley Cyrus have gotten themselves into, as the reel father-daughter team up as Robby Ray and Miley Stewart, was the Hannah Montana.Miley Cyrus: Best of Both Worlds Concert Tour 3D. While I had enjoyed her performance with 3D gizmos, it didn't actually pique my interest enough to follow the adventures of Hannah Montana and her alter ego, which is some art imitate life imitate art kinda tween series, which has recently been green-lit for yet another season.

In this other big screen dramatic outing, Miley and Billy Ray embark upon a journey back to their roots in Tennessee, well, more like the former being conned into making that trip back because she has turned out to be kind of a spoiled little brat, thinking that her Hannah Montana persona is the is-all and end-all, that bright camera flashes and screaming fans are forever, instead of the closer ties that bind.

For a non-fan, this film is easy to follow and quite no-brainer. After all, it's a Disney production, and family friendly with good moral themes for (young) fans to be sublimely influenced, which serves the other purpose called profits from merchandising. So resentful little Miley has to get back in touch with nature, relatives, and have a go at a relatively adult romance who comes in the form of a strapping young cowboy, her childhood friend actually, Travis (Lucas Till), who's spending the summer working for her grandmother. And the romantic angle doesn't just open up to herself, but opportunities are abound for her single dad too.

But seriously, romance or the lack thereof doesn't provide enough adversary for our pop singing sensation. That enemy comes in the form of Oswald Granger (Peter Gunn), a pesky paparazzi reporter who snoops around trying to unravel the mystery and dig up the dirt on Hannah Montana for an English tabloid, which will of course threaten her very existence! How diabolical is that! And Miley/Hannah's bitch-fight with Tyra Banks (which actually is a Xerox copy of what Isla Fisher did in Confessions of a Shopaholic) was that last straw which made dad Robby Ray pull the plug in order to save Miley's soul, since it's affecting her lyric writing, and her music.

The plot then goes on a blah as the diabolical villain gets forgotten midway, and follows Detriot Metal City where the lead has to juggle his double life in a scene which calls for his presence at different locations. And add to that, there's a threat looming in her hometown of Crowley Corners where modern developers are just waiting to erect a shopping mall, which Hannah holds the key to preventing their rustic life from being rudely interrupted, so this calls for, what else, a fund-raising concert!

Yes, it's engineered to allow Miley/Hannah to perform every now and then, which is just about the best thing in the film. As I had mentioned before, between the bubblegum pop lyrics that Hannah sings about, and the more meaningful and fun numbers Miley gets to stage, it's little surprise that I prefer Miley's performances a lot more than when she dons that blonde wig and pretends to have a lot more fun. And my personal favourites would be Miley's soulful duet with her Dad in Butterfly Fly Away, her heartfelt performance on stage during the finale, and anyone who disses Hoedown Throwdown really needs a head check. I'm not sure if the dance moves will catch on like the Macarena, but I'm sure fans out there are already perfecting that boogey already, which would fit right into mass line-dancing.

I may not be and am still not a fan, but I'm quite convinced Miley Cyrus has what it takes, and charismatic enough to be the next big thing coming out of the Disney assembly line of manufactured stars. You go, girl, make that climb!","7.0","positive","2009-06-04","DICK STEEL","ur0317399","False","3","12","https://www.imdb.com/review/rw2076087/"
"rw3539908","harmless fun for Hannah Montana fans","Miley Stewart (Miley Cyrus) is going more and more Hollywood as her alter-ego popstar Hannah Montana. Vita (Vanessa Williams) is her PR person. Miley gets into a fight with Tyra Banks over a pair of shoes causing tabloid headlines. She shows up at Lilly Truscott (Emily Osment)'s birthday party as Hannah Montana and causes chaos. She blows off her grandmother Ruby (Margo Martindale)'s birthday for an awards show in New York. Her father Robby Ray (Billy Ray Cyrus) redirects the plane to go home to Crowley Corners, Tennessee for two weeks. Travis Brody is a cute guy from her childhood. Robby Ray falls for Lorelai (Melora Hardin). Tabloid reporter Oswald Granger (Peter Gunn) tracks them to Crowley Corners. Land developer Mr. Bradley (Barry Bostwick) is trying to take over parts of the town to build his shopping mall.

This was released somewhere in the third season of the TV show. The actors get to go outside. The concert is bigger. The story tries to do something about the importance of family and community. I like going back to Tennessee. It's a lot of the similar tone as the TV show. There is a section where the movie misses Lilly. Oliver Oken and Rico have small roles. Robby Ray doesn't need the love connection. It's great to have Margo Martindale. There's a little performance from Taylor Swift as a down home country singer. Hannah Montana fans will like this and it's rather harmless.","5.0","neutral","2016-09-07","SnoopyStyle","ur2898520","False","1","1","https://www.imdb.com/review/rw3539908/"
"rw2106012","Far better than people give credit for.","Many people have already decided that Miley Cyrus is a spoiled brat who in a very short time has become a commercialized Disney diva, however, after seeing this film, I have to disagree. I found this film to be a real eye opener to Miley Cyrus herself. Yes, she has messed up in recent years, but then, she is only 16. Miley Cyrus and her character Miley Stewart are one in the same. This film does have the typical slapstick also seen in the television series. But this film lets the plot to go a little deeper than a half an hour show would allow. If you're a Miley Cynic, don't waste your time hating on this when you should have better things to do. If your a fan though, this will definitely not disappoint. Expect more than the television program can give.","6.0","neutral","2009-08-03","chloehope44","ur21854950","False","2","7","https://www.imdb.com/review/rw2106012/"
"rw2052954","Okay but a little unrealistic","Well I went to see this movie the day after opening day and i must say that i was surprised at how empty the theater was. Well back to the actual movie it seems that it was a small step up from the series on TV. The thing that really got my goat is that the bands just randomly knew how to play all of the songs especially when her seemingly brand new song at the end is just magically and perfectly learned by the band without even a minute of practice. I also learned that you can change in a revolving door without getting caught by others. However, this movie does earn its up part because it didn't just jump all over the place, and it actually looked like a movie.

Final comment if you are in love with the show, chances are you will fall in love with the movie.","1.0","negative","2009-04-15","jumanji321","ur16842876","True","4","14","https://www.imdb.com/review/rw2052954/"
"rw2068640","great film !!","this film has more than meets the eye !! go past all the Hollywood Disney glam and listen and relate this film to yourself !! don't we all at some point make ourselves out to be something that we want or someone were not ! we all wear masks at some stage.

This film made me think about my life and the song the climb is now my changing track.

Life isn't Hollywood at all but bet we all would love it be at times !! So don't knock this film at miley cyrus can act and sing ! And for all you that moan about her well get of your bum and become actors or singers and prove it !! actions speak louder than words !!","10.0","positive","2009-05-19","lottypotty75","ur21160202","False","23","22","https://www.imdb.com/review/rw2068640/"
"rw2073633","It's Definitely Worth The Watch","Well before I start, I just want to say that I am 18 years old and since I was a little kid I've never really liked Disney shows...I grew up watching Charmed, Buffy, Friends and the like so I didn't really expect to like this show but I did!

So anyway, I went into the Movie theaters with a high expectation for this film since I liked the show I knew I'd definitely like the film too...I knew the plot was simple; she was starting to let the fame get into her head yadah-yadah-yadah but I didn't expect the movie to turn out that good...It had heart and the crew and actors knew exactly how to make the story interesting while giving us lessons in life that we could actually use.

I guess the only reason why I gave this Movie a 7 is the ending, It was such a downer and I guess it just didn't satisfy me...like it left some lose ends and I really wanted to see what happened between Travis and Miley after the kiss and how the people in Crowley Corners treated her after they knew her ""Hannah Secret"" and also what happened to that reporter guy.

Anyway, even with the horrible ending (( I'm sorry to those who liked it)) the movie was worth the watch from beginning to the middle part. I loved the scenes with Miley and her Dad, and also the scene about Lilly's Party...I guess could relate to it coz I had a best friend who was kinda better than me in someways...and It was really good that they showed how Miley treasured Lilly and how Lilly even though Miley did her wrong still went out of her way to help a friend...I think that was really touching!!! LoL so all in all...I recommend this film to those people who are young at heart and want to watch a good family film and even to those who just miss their hometown and such! this is really worth the watch!","7.0","positive","2009-05-29","elisha_padura","ur8140183","True","2","11","https://www.imdb.com/review/rw2073633/"
"rw2111249","made for little girls","Listen people I am a hardcore movie critic and I scrutinize every aspect and every angle of every movie I watch. This movie is certainly not a masterpiece. However it was never made to be a masterpiece either. Just a Friday night fun movie for little girls who dream of a superstar life. That's it. Stop thinking beyond this point.

I know the acting is awful and there is a lot of overacting involved but I guess it works for the audience it is meant to please. Hence people just clam down and stop being so judgmental. This is obviously not a movie for anyone beyond the age of 12 years. I bet 90% of all little girls who watched this movie would have tried the ""pop it zig zag"" dance. See, it's as simple as that.

So if you have kids under the age of 12 go to the movie because they'll enjoy it. But take a PSP with you so that you can play it while your kids enjoy the movie. which they certainly will.","5.0","neutral","2009-08-14","akila-2","ur21915915","False","2","5","https://www.imdb.com/review/rw2111249/"
"rw3034202","Probably the worst movie I have seen","As a chap living in Britain there is many films to watch and enjoy. I did not find enjoyment from the American hillbilly singing pile of rubbish called Hannah Montana. The plot sucked, the actors sucked and the entire movie sucked. I took my loving daughter, Steve to this film and I pulled her out of the cinema because it was that bad. Complete rubbish and I'd have a better time sipping at tea than watching this movie. I waisted my money on this crap and I even called my credit card company to remove the charge. Every so often I this movie comes along on Cable and I just turn it off so dear Steve could not drop IQ points by watching this rubbish. I recently purchased an Xbox 360 for personal use. If you ask me I'd say its a waist of time. 1/10","1.0","negative","2014-06-15","funnyfrankie","ur50395260","False","2","5","https://www.imdb.com/review/rw3034202/"
"rw2058476","Better than it should be, its still full of plastic rich people trying to be humble","Prepackaged and completely fake big screen version of the hit TV series is a good film if you like the series or can stomach the plastic fakeness of it all. I mean that both as a slap and as praise since the film is much better than I thought it would be but at the same time I can't believe how incredibly fake it all was (kids actually buy into this?). To be fair I have to say that I didn't make it to the end, I ended up moving on to 17 Again after about half this films running time simply because my brain was full and my ability to deal with a bunch of insincere rich people trying to get in touch with what matters struck me as a hollow effort even if its well done. If you're a fan of the show give it a shot, otherwise you're on your own depending upon your tolerance for entertainment brought to you by the Stepford Wives.","5.0","neutral","2009-04-27","dbborroughs","ur3079504","True","2","7","https://www.imdb.com/review/rw2058476/"
"rw2117819","Cute Disney movie, mostly cheesy but still fun to watch if you want to see what this ""Hannah Montana"" stuff is all about.","Miley Cyrus of course is Hannah Montana on stage and Miley Stewart in ordinary life. The blonde wig and the change of clothes disguise her identity as well as Clark Kent disguised Superman. You have to give some literary license.

Billy Ray Cyrus of course is the dad, Robby Ray Stewart. And the best friend is Emily Osment as Lilly .

The premise of the story is Miley is taking this Hannah Montana stuff too seriously and starting to neglect friends and family in her ordinary life. So, demanding a jet to take her to NYC for an appearance, instead she steps out from the Lear into a field in Tennessee, her home. Dad is determined to get her grounded again, before she can get back to her professional identity.

So most of the movie is in Tennessee, with a lot of slapstick that for adults becomes tedious and predictable, but for youngsters is probably pretty funny. The big crisis is a development headed for their sleepy little community, and the townsfolks need to raise a lot of money to ward it off. So eventually the idea comes that a Hannah Montana concert could be their salvation.

Through all this Miley has to juggle her two identities so that she can keep her secret, but in the end she puts her trust in the townpeople and her friends.

Evaluating it strictly on technical merits and story it is not a great movie. But it is cute, and somewhat better than its current IMDb rating would suggest. For us it was a chance to get a glimpse of this Miley Cyrus and Hannah Montana phenomenon, and it did that for us. She is a cute kid, and the duet sung with her dad near the end was for me a high point of the movie.","","unknown","2009-08-27","TxMike","ur0438066","True","2","7","https://www.imdb.com/review/rw2117819/"
"rw2209896","Good for its target audience.","Miley Cyrus' hit Disney Channel TV show gets its cinematic movie adaptation in the form of 2009's Hannah Montana: The Movie. The plot is pretty simple and run-of-the-mill. Miley's pop star alter-ego Hannah Montana is taking over Miley's life far too much for her Dad's liking so he packs up and takes his daughter back home to Tennessee for some ""Hannah Detox"".

I'm fully aware that this movie is aimed at a young audience and their families so I'll be reviewing it for entertainment value for families. In truth it's not as bad as the majority of critics make it out to be. In terms of fan value it's not all it could be. Miley's grandma isn't played by the same actress as in the show which could confuse some sharp-minded kids and raise questions.

There are some pretty funny scenes in there though and the acting isn't as bad as I expected it to be. It's really all about the music though. Two of the released songs really stand out: The Climb and Hoedown Throwdown, the latter being used in a big dance scene, obviously using professional dancers but still a great scene.

There are some cameos in there: Tyra Banks appears as herself at the beginning of the movie, Taylor Swift performs at a community event and Vanessa Williams (Ugly Betty's Wilhelmina Slater) plays Vita, Hannah's personal assistant.

There are some better movies out there, but there are some that are much worse. Give it a shot.

http://ukmore.tk/","4.0","negative","2010-02-19","ryshpr","ur21377000","False","1","2","https://www.imdb.com/review/rw2209896/"
"rw2322560","its good for 4 year old's not 16","I just want to start of by saying that this was not an all bad movie. I am a 20 year old male, and maybe like some of you I love to watch movies in all shapes, forms and colors. This movie has had a lot of complaint, on this forum as well as others. Well as many others have stated before me, its target audience is not adults! So if you don't get it, don't beat yourself up about it. Another complaint has been Mileys (and maybe others) acting in this movie. I can agree that on the show Hannah Montana they lack great acting (Except maybe Mitchel Musso and Mosies Arias). But in this movie the acting was nothing half bad. In fact I find the acting good. There isn't much to blame. I mean Miley Cyrus plays Miley Stewart, a character based on her and Billy Ray plays Robbie Ray who is also based on him. They play as themselves and no one is too much or to short on acting. The plot is decent enough simple for a children's movie but although not very original.

It's a feel good film with good messenges about the ups and downs of things, and as the whole show it deals with ""To follow your heart"" and ""Do the right thing"". Might not be original, but messenges like it is needed, because although over exposed very few people follow the advice. I know watching Hannah Montana as a whole has changed me in many ways even though I always ""hated"" it all before I actually took time to watch it. I recommend the move to all ages and sexes but keep an open mind and think hard about what is said and you might come out wiser than before.","6.0","neutral","2010-10-08","www-jats","ur22726292","False","1","5","https://www.imdb.com/review/rw2322560/"
"rw2320921","Quite surprised!","Probably one of the most memorable songs of 2009 was Miley Cyrus' hit 'The Climb' which was later covered by X Factor 2009 winner, Joe McElderry and was the official song to the Hannah Montana movie but was the movie really all that memorable? Miley Stewart (Miley Cyrus) is starting to forget who she really is because of being Hannah Montana (Miley Stewart's alter-ego) all of the time so to make sure she doesn't forget who she is and where she comes from, her father (Miley Cyrus' real-life father, Billy Ray Cyrus) decides to take her on a trip to visit Tennessee where she originally came from.

The story is surprisingly pretty good and is actually quite entertaining for a family audience and it sends the usual squeaky-clean message that Disney usually sends with their movies about learning who you are. Apart from learning about her roots and where she came from, the movie also covers about growing up and dealing with Miley's first love along with juggling her super-secret life. The acting in the movie was above average and Miley Cyrus gave out a good performance sometimes but other times it got a little bad. Billy Ray Cyrus gave out a great performance as the father of the teen who is there to lend her a hand and give her advice. Also, Lucas Till who played Travis shouldn't go unnoticed either. The locations where the movie was shot were nice to the eye, such as the countryside and the farm and also the cast were just right for this movie.

The songs were actually great and if you're a country fan, you would appreciate and love the songs in the movie. My particular favourites was Crazier by Taylor Swift and Back To Tennessee by Billy Ray Cyrus. I have only watched one episode of the show and there's one more thing I don't get and that is how nobody knew Hannah Montana is Miley Cyrus/Stewart and that kind of annoyed me. All she did was put on a blonde wig and that was it! If you look in the trailer or the movie poster, she looks exactly the same except for the hair colour, nothing else and yet absolutely no-one in the movie knew or guessed it was her. Still, that's only a little bit I found annoying from the movie. Fans of the show will adore the movie but non-fans may not appreciate it as much.

Read more reviews at: www.dudedazzmoviereviews.wordpress.com","5.0","neutral","2010-10-07","dudedazzreviews","ur24018882","False","1","3","https://www.imdb.com/review/rw2320921/"
"rw2114169","I never thought I would say this, but this is not a bad movie","First of all, I never liked Hannah Montana. Or at least I thought I didn't, and this is a problem that people have: many of them never saw the series or the movie, but they still say both are crap. It's a terrible habit and it's childish, but it happens. I went to see this movie with no expectations at all, it was just to see once and for all if it was as bad as I thought.

Well I was wrong. I was surprised when I started laughing. I was surprised when I started to like Miley Stewart/Hannah a bit. I was surprised when I thought the songs were catchy. Didn't I hate Hannah Montana? Not so sure right now.

I thought the acting was overall good. A little goofy sometimes, but hey, this movie is directed for children and teenagers, no one will care if the actors make a small mistake. Miley Cyrus is not a brilliant actress, but with a little extra work, she will get there.

The story is interesting, it is about a teenager, Miley Stewart who is trying to life a double life. She lives as an ordinary college girl in her everyday life, but she is also Hannah Montana, one of the most famous pop stars in the world. But she's getting too obsessed with Hannah, so her father takes her to her hometown in Tennessee, to make her comeback to her true self. Of course people don't know she is Hannah Montana, as she wears a wig and makeup to cover her true identity. And this makes room to some of the funniest parts of the movie (for example when Miley has a date with a boy in a restaurant, but at the same time is invited to a party as Hannah, just a few blocks away. Then she runs from one place to the other in a rush, trying to be in two places at once, which obviously results in disaster.) 

Of one thing I'm sure: This movie doesn't deserve its current score (3,1/10). People have a terrible habit of either giving movies a 10/10 score when they like it, or 1/10 when they don't like it.

This is not a brilliant movie, it's not the best Disney movie ever made, for sure. But it's still fun and entertaining, has a start, the development of the story and a pleasant ending.

7/10


* Sorry if I made any mistakes writing, English isn't my first language ;)
","7.0","positive","2009-08-20","ricardosantos_1315","ur15063938","True","1","6","https://www.imdb.com/review/rw2114169/"
"rw2411756","A family movie","Teen super star Hanna Montana takes her wig off and goes home to her home town of Crowley Corners in this movie. She finds her value reprioritized after spending her time with her family and childhood acquaintances. 

I've just watched this movie out of curiosity as all my family is way too grown up to be its intended target audiences, but I thought the movie was very good for its intended preteen audiences. It follows the Disney formula of wholesome family value, and pulls on the heart strings of young preteen girls of romance, fame, talent and success. Not to mention privilege of having great time shopping at an expensive Beverly Hills boutique. Hanna and Miley has it all, everything a young girl can hope and wish for, and this is what this movie is all about.

You shouldn't watch this movie as anything more or you will be disappointed. I mean the entire purpose of Hanna Montana is to cater to this audience. 

Ordinary family movie done in extravagant way only Disney can sums up this ordinary but extraordinarily expensive movie.

I'd have to mention that Lucas Till as Travis looked great in this movie.

5/10 stars.","5.0","neutral","2011-04-10","ebiros2","ur3225430","False","1","3","https://www.imdb.com/review/rw2411756/"
"rw2105122","I Enjoyed it!","OK first of all lets get the hate out of the way. There are far too many jealous people out there that have given this movie a bad review/low rating for the simple fact that they are jealous of a young girl whom they do not know. Jealous because she is living her dream and doing it successfully and have a BLAST doing it while they sulk in their own pathetic lives. Get over yourselves and try to be positive for once.

Most of all the negative ratings/reviews need to be removed because they make no sense whatsoever. Just reviews and ratings by jealous little girls and boys who have sad, miserable lives.

Anyway, I saw this movie for what it was: Inspiration. I found the acting to be right on par for the type of movie this is and was sweetly surprised at some of the performances from Miley Cyrus as well as the supporting cast. I'll be honest in saying that at the start of the movie I was thinking it was going to be just like the TV show which is funny and simple. Well I was wrong in the best way.

After the ""hoo-haw"" at the beginning, I was very pleased to see that they were taking it back ""home"" to Tennessee to live the country life again for a little while. I found that small town, country charm worked very well with this production and some of the scenes were downright hilarious.

I don't know how other people rate their movies. Some base it on pure hatred and no intelligence. Others will rate a movie on acting alone or special effects or how loud it is. I rate a movie by how it makes me feel and at the end of this particular movie, I felt very warm and pleased. I was almost in tears. The ending of this movie is quite charming. I hope they make another one.

I loved it.","10.0","positive","2009-08-02","ssmksi","ur19335201","True","14","12","https://www.imdb.com/review/rw2105122/"
"rw2076911","a really good family film that will surprise non fans","As a 19 year old i was shocked when someone asked me if i'd like to go and see this movie and i was really shocked by the end cause the film is really good it's not great just good it has all murals that both the show and Disney are known for and it has some jokes that the adults will get i thought the songs were really catchy epically hoedown throwdown and there was two songs that were really good ( butterfly fly away and the climb) i probably liked it more cause i was a fan of the show and i was really pleased that all the main cast were in the film and that they all had there part to play in the movie ps miley's great overall 7/10","7.0","positive","2009-06-06","stinger01","ur19344009","True","1","8","https://www.imdb.com/review/rw2076911/"
"rw8837345","My brain hurts","I was never into Hannah Montana back when it aired on Disney Channel.. I knew of it's existence and I knew the premise but I never gave it a chance for reasons that should be obvious... I was in my late teens and I moved on from Disney Channel to more mature stuff. Don't even ask me why I wasted my time watching this pathetic excuse for a movie cause I have no good answer.

I understand why this stuff may appeal to younger children but as a heterosexual male adult with a fully functioning brain it's impossible to appreciate it.. Far from the worst I've seen but still bad enough to make my skin crawl.","1.0","negative","2023-01-30","askeland89","ur35149731","False","1","4","https://www.imdb.com/review/rw8837345/"
"rw2052536","best movie ever.","THIS MOVIE WAS AMAZING! People hating are just jealous, keep on climbing miley (: anyways, i went to see this movie and it was well worth every cent i paid for it. it was so entertaining, funny, and even sad at some parts. miley's an amazing singer, actress, and dancer. it was even better then i thought it was going to be! miley's an amazing role model, and this movie really brought out her talent. i love all the new songs, everyone should buy the hannah montana movie album, and go see the movie! this movie made me laughh and cry. my favorite was the hoedown throwdown =]. this movie is honestly awesome. miley's a genuine girl and an amazing role model for everyone ♥","","unknown","2009-04-14","xoannie26","ur20769168","False","4","33","https://www.imdb.com/review/rw2052536/"
"rw8588279","Hannah Montana the worst movie ever made","Oh my god this is one of the worst Disney movies from 2009 along with The Jonas Brothers 3d Experience Concert which also got negative reviews, this is also the biggest and worst Disney movie ever along with Artemis Fowl, Mulan (2020), The Ice Age Adventures Of Buck Wild, Kim Possible (2019), Mars Needs Moms, Strange Magic, The Wild (2006) and Underdog (2007) this movie killed Miley Cyrus career since 2006-2011 making her a stereotype of popular singer girl with an identity of using a wig, if you want to watch a better go watch Up, and The Princess And The Frog they are way better than this movie.","4.0","negative","2022-10-04","arielsiere","ur150496332","False","0","0","https://www.imdb.com/review/rw8588279/"
"rw9799555","She is just goku tbh.","Bro, Hannah monatan as a concept was cool and all until you think about how the completly ripped of goku!. Goku's hair turns yellow, super sayian, miley's hair goes yellow, hannah. Lilly is the equivilent of a dumber bulma and smokin oken is the equivelent of Yamcha. Her brother is krillin and her dad is master roshi, Miykala is Vegeta, rico is the small green dude from og db, sarah is piccolo and the rest goes on.

Oh and this film just sint good. The acting is just lousy and the singing is lackluster at best(i have 10+ years of music experiance). The climb blows MAJOR CHEESE and the plot is soooo lousy. Mileys hot tho so it whatever.","5.0","neutral","2024-05-20","darkmidkight","ur182000016","False","0","0","https://www.imdb.com/review/rw9799555/"
"rw9623537","You need to see the show","I feel like you can't review this film if you did not see the Hannah Montana series. It's filled with the same humour and characters as the show and it picks up where the show left off OK so it's not an Oscar winner but it's a feel good, easy watching movie that sometimes we wanna watch I love seeing these characters again The plot is predictable but the ending make it worthwhile I don't wanna spoil anything but if you are a fan of Hannah Montana then you should watch and just immerse yourself in the Disney fun that was

Thank you for reading and I hope it helps people to decide if to watch or not.","5.0","neutral","2024-02-15","kirstymonkm","ur106341365","False","0","0","https://www.imdb.com/review/rw9623537/"
"rw2073104","Not bad at all","OK i don't usually write reviews but i was reading some of the comments on here and i can't believe how many haters there are! I don't understand why Miley Cyrus generates so much hate, maybe i'm missing something but really all she has done is be successful. I watched this movie the other day and was pleasantly surprised by it. I have never watched Hannah Montana before so i'm not some crazed fan trying to persuade everyone to love Miley but i would just like to say that she is a talented young girl. You can't say she isn't. I may be wrong but i think people are jealous of her and try to make themselves feel better by slagging her off. Anyway, i personally enjoyed this movie. It's nothing original, but it was funny and entertaining and makes you feel good afterwards. Sometimes it's good watch a movie that doesn't require you to be an intellectual in order to understand and enjoy it.

If you want to see a nice light hearted film then i recommend this movie, it's good! Please don't believe those over dramatic negative comments, the viewers who write them are either jealous or just very miserable people.","7.0","positive","2009-05-28","pineapple0808","ur21213407","False","1","9","https://www.imdb.com/review/rw2073104/"
"rw11310956","The stagnant machinery of a manufactured pop-idol fantasy: A 1.0-star vivid but mechanical drift through corporate sentimentality.","2012(1.0) I watched ""Hannah Montana: The Movie"" in 2012, and it remains a pathetic 1.0-star record in my archive-a raw revelation of how a sensational brand can be diluted into a stagnant and manipulative narrative for the masses. This experience shattered the fourth wall of the family-musical genre by infusing Miley Cyrus's vivid but mechanical pop persona into a pathetic ""back to your roots"" trope that felt 100% artificial and stagnant. While the production attempted a sensational exploration of identity in the vivid landscapes of Tennessee, the narrative rhythm was far too stagnant, dragging through a pathetic cycle of clichéd romance and forced lessons that lacked the chewy intellectual honesty of my top-tier records. Seeing the vivid but pathetic struggle to choose between fame and family provided no emotional payoff, leaving me in a state of absolute hororong at the sheer lack of storytelling rebellion. The 95% preservation of my memory is dominated by the stagnant, raw irritation of the ""Hoedown Throwdown"" and the vivid but pathetic execution of the climactic secret-reveal, creating a journey that felt more like a commercialized chore than a permanent, sensational scar on my soul. Unlike the vivid soul of ""Burn After Reading"" or the raw wit of ""Harold & Kumar,"" this encounter possessed a rhythm that was far too stagnant to evoke any genuine empathy. It stands in my 2012 record as a vivid exercise in marketing over substance-a 1.0-star artifact of rhythmic boredom that remained too pathetic to achieve a sensational impact on my psychological archive.","2.0","negative","2026-03-14","Famfacat","ur212467098","False","0","0","https://www.imdb.com/review/rw11310956/"
"rw10968213","A sweet, feel-good musical about identity, family, and finding your true self","A sweet, down-to-earth reset that takes the pop-star double-life back to its roots. Blending country charm, teen drama, and feel-good music into a heartfelt Disney journey.

.

🎬 Plot Summary (Spoiler-Free) When Miley Stewart's Hannah Montana fame starts going to her head, her dad stages an intervention: a trip back home to Crowley Corners, Tennessee.

There, Miley trades red carpets for dirt roads, reconnecting with family, old friends, and a simpler version of herself. But as she begins to fall for Travis, local pressures grow and the secret double-life becomes harder to hide.

Soon Miley must make the biggest decision of her life: choose the spotlight or stay true to who she really is.

A warm, musical coming-of-age story about identity, pressure, and remembering your roots.

.

✅ What Worked

1. Miley's heartfelt performance both emotional and comedic

2. Country setting gives the film authentic charm

3. ""The Climb"" is still one of Disney's best original songs

4. Cute, believable romance with Travis

5. Great father-daughter moments

6. Emotional struggle between fame and authenticity

7. Feel-good humor balanced with real conflict

.

❌ What Didn't Work

1. Predictable story beats

2. Some comedy skews too childish

3. Conflict resolves a bit too easily

4. Paparazzi subplot feels cartoonish

5. Secondary characters could have deeper arcs

6. A few musical numbers feel forced

7. Travis is underdeveloped despite being the love interest

.

💬 Favorite Quotes / Moments (Spoiler-Free)

1. ""Life's a climb... but the view is great.""

2. The ""Hoedown Throwdown"" scene

3. Miley singing ""The Climb"" onstage

4. Travis discovering her secret

5. Hannah trying to juggle two events at once

6. The moment Miley removes the wig

7. The sweet father-daughter quiet talk on the porch

.

✨ Fun Facts

1. ""The Climb"" won multiple awards and became a Miley Cyrus signature.

2. Lucas Till was cast after Miley personally recommended him.

3. Filmed in Tennessee: Crowley Corners is fictional but based on Miley's real roots.

4. Taylor Swift makes a cameo performing ""Crazier.""

5. Miley wore multiple handcrafted wigs to give Hannah's look more dimension.

6. Many emotional scenes were inspired by Miley's real-life struggles growing up in fame.

7. The movie revived Hannah Montana's popularity worldwide.

.

👀 If You Liked This, You Might Also Enjoy

1. Hannah Montana (series)

2. Camp Rock

3. The Lizzie McGuire Movie

4. High School Musical 3

5. A Cinderella Story

6. The Last Song

7. Teen Beach Movie

.

🎯 Final Thoughts Hannah Montana: The Movie is a warm, musical, and heartfelt story about rediscovering yourself when fame becomes overwhelming. It leans into sincerity, nostalgia, and country charm. Giving fans both fun moments and genuinely emotional beats.

⭐ 6.4/10. A sweet, feel-good musical about identity, family, and finding your true self.","6.0","neutral","2025-11-21","DarklyDreamingFan","ur157002947","False","0","0","https://www.imdb.com/review/rw10968213/"
"rw11158122","Maybe the real best of both worlds is having a 3.5/5 on Letterboxd and a 4.8/10 on IMDb...","You know that feeling when you watch a movie because your girlfriend loves it and you want to share the things that give her joy, but the movie is so overwhelmingly comforting for her that she falls asleep on you for most of the runtime, so you're left watching something you have no real interest in - outside of its ability to deepen the bonds of your relationship, at least - and you're trying your best to experience even a modicum of the happiness you know it provides for her while also fighting off sleepiness and boredom and the desire to wake her up so you can both go to bed, but you simply can't muster any enthusiasm for it because you have zero nostalgia for it and it's honestly pretty rubbish and might just unironically be the worst film she's shown you even though you know it's her favourite of them all, so you just sit there waiting for the experience to end and getting more fulfilment from hearing the gentle breathing of the beautiful woman laid across your lap than anything that's happening on the television... yeah, 'Hannah Montana: The Movie (2009)' gave me that feeling. In fact, it might have just invented it. I can't bring myself to be too hard on the picture - which is genuinely quite bad, to be honest - because I know it's so important to someone who's so important to me, but I also won't lie - to myself, my girlfriend, or any of you - and say that I can muster up anything more than a two-and-a-half star rating even when being generous. It feels bigger and more like a film, whatever that means, than a lot of the Disney Channel stuff I've seen (it did release theatrically, to be fair), and there are a handful of relatively enjoyable sequences that prevent it from being a complete and utter failure, but it just isn't all that compelling. It's incredibly predictable, there aren't all that many memorable songs*, it ultimately feels rather slight, it lacks any real sense of style, and it's somehow over 100 minutes long. It just really doesn't do it for me, and I'm not quite sure why I find it more of a minor struggle to sit through than, say, 'Camp Rock (2008)'. At the same time, it's fine. It's inoffensive, it's good-natured, it's put together as well as it could be. I can totally see why this is a complete success for those who love the show, or those who saw it when they were young enough for things like nuance and quality to matter less than shoe fights with Tyra Banks and teen boys wearing cowboy hats and exploding cakes and revolving doors and hoedown throwdowns. I definitely don't love it, but I love someone who does, and that's more than enough for me to love that it exists, exactly the way it is.

*'The Climb' is a total banger, though.","5.0","neutral","2026-01-26","Pjtaylor-96-138044","ur26820801","False","0","0","https://www.imdb.com/review/rw11158122/"
"rw4753005","Feel-good movie + Miley Cyrus + Awesome Soundtrack = Highly Addictive","This movie left me with a movie-high--you know, that feeling that you get after watching something inspirational or reading a really good book. While it had a bit of a rough start, once Cyrus's character got to Crowley Corners, Tennessee, it got really addictive, really fast. It had everything that fans of the show wanted: the type of jokes that leave you openmouthed, laughing so hard that no sound comes out; the wonderful performance by Cyrus, both musically and in terms of acting; and some gut-wrenching scenes that you'll need a tissue for. The cinematic appeal of it provides an entirely new aspect: a romance that actually works out, a Taylor Swift cameo that made me die inside, and some very powerful song and plot sequences that give you emotion you never knew you had. It's the icing on the massive cake that comprises the Hannah Montana franchise, and a wonderful use of about two hours. While the use of actors to portray the screaming fans serves as a reminder that I watched this ten years too late, it's still an amazing movie that I highly recommend.","9.0","positive","2019-03-30","firehearthsr","ur90511829","False","2","0","https://www.imdb.com/review/rw4753005/"
"rw10213626","Energetic but flawed","This movie, about Hannah Montana's popularity that begins to take over her life on the urging from her father who takes a trip to her hometown of Crowley Corners, Tennessee to get some perspective on what matters in life the most, is an okay comedy movie.

I have seen some episodes of the series Hannah Montana (2006-2011) but I do not have a personal attachment to Hannah Montana. However, I really like the energy of the movie, and the fast pace is appropriate. The movie does not take itself too seriously and there is much to laugh of because of its humor.

Anyway, my experience is mixed. I think it gets somewhat worse over time because, honestly, the protagonist Miley Stewart becomes annoying from when she tries to multitask, having dinner with her family and other people, and dating Travis Brody. I do not get any sympathy for her, and I hoped she failed, which she did. What also annoyes me a bit is the movie using playback. I definitely understand that is uses playback for the Hoeback Showdown scene and Hannah Montana's concert, because it is really hard to shoot and keep the continuity of the sound while people dance and make sound, but I really do not understand why they do it for when Miley sits down with her father Robby Stewart because they literally are artists for a reason. Why use playback and try to be flawless when you can use the live voices from the artists instead? Is not that (mostly) the whole point of listening to artists? I will not try to be too judgemental but I think it is somewhat cowardly. I have seen several movies that uses live voices from persons who are not artists and they do not sound that bad. That aside, the movie takes a few shortcuts and there is some things to point out, but although I do not think it is bad, it gives a mixed experience afterall.

In conclusion, this movie offers energetic entertainment but falls short in key areas. The humor and fast pace are engaging, yet Miley's frustrating behavior and the overuse of playback, even in intimate scenes, diminish its authenticity. While the movie delivers some enjoyable moments, its reliance on polish over sincerity and its narrative shortcuts result in a mixed experience. It is an okay movie, but its flaws prevent it from being truly memorable.","6.0","neutral","2024-12-25","mieriks","ur75830806","True","0","0","https://www.imdb.com/review/rw10213626/"
"rw9252827","Through a powerful musical performance, the film conveys a message of accepting who we are, prioritizing authenticity in a world filled with external pressures","It is the first feature film for cinema (not counting a show that was filmed and released in cinemas) based on the Hannah Montana series, a success on the Disney channel worldwide. The series stars real-life teenager Miley Cyrus, playing both Miley Stewart and Hannah Montana. Miley is the real girl and Hannah is her famous pop singer persona. It is transposition of the myth of the secret identity of superheroes to the life of stardom. Instead of taking off her glasses to become Superman, Miley puts on a blonde wig and becomes Hannah Montana. Only few know about the girl's double life.

""Hannah Montana: The Movie"", directed by Peter Chelsom in 2009, is a cinematic extension of the popular television series that captured the imagination of young viewers. The laughter and music of Hannah Montana spilled into theaters where fans enjoyed the premiere of Hannah Montana: The Movie. In the film, which features the same cast as the series, Miley returns to her hometown of Crowley Corners, Tennessee to escape the lights and flashes of the stage and reconnect with her roots. With an incredible soundtrack, including iconic songs like ""The Climb"" and ""Butterfly Fly Away"", the film is an emotional and fun journey to the rhythm of country and pop. In addition, it has the participation of big stars like the singer Taylor Swift in the beginning of her career, the presenter Tyra Banks and the band Rascal Flatts.

The story follows Miley Stewart, played by Miley Cyrus, a teenager who leads a double life as the famous pop star Hannah Montana. The film offers a deeper exploration of the complexities of her dual life and how it affects her relationships, her identity and her own sense of authenticity. At the heart of the narrative is Miley's struggle to balance her fame as Hannah Montana with her personal life as Miley Stewart. When the pressure of the music industry and the glamor of fame begin to negatively affect her relationships and connection with her family and friends, Miley is sent back to her Tennessee hometown by her father, played by Billy Ray Cyrus. There, she confronts her roots and the choices she must make about her career and her identity. When a bumbling journalist for a sensationalist tabloid begins to suspect that star Hannah Montana has a mystery, she will need to be even more discreet to not spoil things.

Director Peter Chelsom (""Written in the Stars"") even tries to give the film a different touch, but he can't avoid the clichés, which reach their apex in the 12 brand new songs promised to fans. This may even attract this audience that would watch this film anyway, but it alienates any other type of viewer who is not interested in watching a complete concert by the artist. This also harms the story, since when incorporated into the scenes, these songs take away some of the seriousness that in many situations would be much more interesting. In a film like this, it is almost impossible not to mention the clichés that are present during the 102 minutes of the film. It's the heartthrob who appears out of nowhere and saves the girl, there are songs that appear all the time even in unnecessary scenes, there are sudden changes in behavior in a short period of time, among other moments. This use of clichés is not always harmful, when well dosed they can provide a good result, since they help to give rhythm to the film. This is the point that most undermines the result of this teen comedy.

Peter Chelsom's direction is adept at navigating Miley's duality. It captures the comedic moments that emerge from Miley's double life with a light-hearted approach, while also delving into the deeper emotional moments. The visual presentation is dynamic, especially in the Hannah Montana concert sequences, where the musical performances come to life with vibrant colors and infectious energy. Miley Cyrus takes on the challenge of portraying both Hannah's glamorous persona and Miley Stewart's authenticity. Her performance maintains the modus-operandi of the series, with lots of faces and mouths and excess, but still delivers some scenes full of emotion that Miley faces in her journey of self-discovery. It is interesting to see that, even with all the physical resemblance of the two characters, the Hannah Montana interpreter does a job of characterization in which she leads the public, especially children, to accept the existence of the two characters. Now, it is impossible to accept that, even with such fame, no one can realize that the two are the same person, since the height, voice and face are the same. Billy Ray Cyrus, as Miley's father, also brings an authentic and touching presence, helping to establish the film's central father-daughter dynamic.

But not everything is bad in this film. The prevailing climate is very pleasant and still provides some good laughs. Taking into account that it is made primarily for fans of the series, the film will certainly please and a lot to these people who will applaud, sing and even scream in the rooms where the film is shown. Christopher Lawrence's costume work is well suited, as he has to show through the costume the contrast of a city rich girl with the modest costume used in the interior. It is worth mentioning the scene in which Hannah Montana has to divide between a dinner promoted by the city hall to receive the illustrious personality who will do a benefit concert in the city, and a date in which Miley has with the country boy, her romantic partner. She has to change her outfit for every situation, which can get complicated if she gets something wrong.

It is important to say that, contrary to what happens in the TV series where the characters are explored only in a comic way, in the film the characters are worked in a more complete way. Total superficiality gives way to a slight deepening, which can be seen as a film adaptation. And that makes the character much more bearable in everyone's eyes. At the heart of the film are universal and relevant themes. Miley's struggle to maintain her authenticity while dealing with the pressure of fame is something many can relate to. The message about the importance of family and genuine connections also resonates, reminding us that despite all our external exploits, our closest relationships are what really matter.

Some key sequences in the film are noteworthy, such as when Miley faces the pressure of fame on the red carpet and the moments when she reflects on her life and identity in Tennessee. A memorable scene takes place during a musical performance in the stable, where Miley and other characters unite in a heartfelt and soulful performance. Through these scenes, the film illustrates Miley's journey of self-discovery in a moving way. Even used in excess, the soundtrack plays a key role in the narrative, capturing Miley's duality and highlighting the emotional moments. Songs like ""The Climb"" echo the themes of perseverance and authenticity, and Miley Cyrus' own voice brings extra emotional power to the songs.

The conclusion of ""Hannah Montana: The Movie"" is an emotional and thematic high point that encapsulates the film's journey of self-discovery and core message. After facing challenges, revelations and reflections, protagonist Miley Stewart (played by Miley Cyrus) finally arrives at a moment of clarity and personal growth. Arched by a musical performance at the town stable of Crowley Corners. This climactic moment encapsulates Miley's emotional journey and transformation she experienced over the course of the film. The scene is a reflection of the character's evolution and the reconciliation of her two identities - Hannah Montana, the pop star, and Miley Stewart, the young woman who values family and authenticity.

Through music, Miley expresses herself in a genuine and vulnerable way, connecting with her community and reconciling the conflicting parts of her life. The performance also symbolizes the coming together of Crowley Corners and Miley's acceptance of who she really is. The message is clear: authenticity and true relationships are more valuable than fame and external image. Furthermore, Miley's relationship with her father, played by Billy Ray Cyrus, reaches an emotional resolution point. Through sincere and moving dialogue, they understand each other and strengthen the father-daughter bond. This reconciliation not only strengthens the film's core family, but also reinforces the central idea that authentic relationships are fundamental to emotional well-being. We also have a sense of closure to the story. Miley makes a conscious decision to reveal her identity as Hannah Montana to the world, eliminating the need to maintain a double life. This choice demonstrates her growth, her acceptance of herself, and her desire to embrace her true identity, both onstage and in everyday life.

While ""Hannah Montana: The Movie"" may not be a cinematic landmark, it manages to capture the essence of the series, bringing beloved characters to the big screen and delving deeper into themes that resonate with a wide audience. ""Hannah Montana: The Movie"" is an emotionally resonant moment that encapsulates the film's central themes: authenticity, family, self-discovery and the importance of true relationships. Through a powerful musical performance and moments of reconciliation, the film conveys a message of accepting who we are, valuing the love and support of those around us, and prioritizing authenticity in a world filled with external pressures. The satisfying conclusion reinforces that being true to yourself is the greatest achievement of all.","5.0","neutral","2023-08-11","fernandoschiavi","ur33162918","False","0","0","https://www.imdb.com/review/rw9252827/"
"rw9991060","Miley Cyrus you will always be famous","Turns out ""Hannah Montana"" was a really big part of my childhood in a way or another. Miley Cyrus will always be famous. She's just raw talent! I never watched the movie before, it almost plays as a separate thing from the TV show. The script is at times weak, and the funny moments just don't usually land, but still there's so much charm here. Everyone loves their part in this, Miley gets to play Miley in this. The songs are absolutely great and ""The Climb"" is actually one of Miley's greatest hits. The budget increase is extraordinary but some of the shows charm is lost in the translation to the big screen. But Miley is Hannah and she knows her character so well so nothing really matters at all. I really would never have guessed that these people would have a guest appearance on a Hannah Montana movie. I mean Tyra Banks? And Taylor Swift?

Miley Cyrus is officially a Disney Legend!","7.0","positive","2024-09-02","GregoryJ93","ur49574959","False","0","0","https://www.imdb.com/review/rw9991060/"
"rw2111077","Toothy teen star delivers the goods","First of all I'm not a Hannah Montana fan. I've never seen the TV series though I did know about the whole double life MileyisHannah plot twist. I went to the film with my sister who I thought would enjoy the music and humour. Neither of us was disappointed. 

I'll be brief with the plot description. Miley/Hannah's life has become too complicated so her Dad decides she needs to return to her roots. He tricks her into going back to Tennessee to visit her grandmother. There she learns a little about life, love and property development.

The film has many positives. It is just the right length. Miley Cyrus has a good voice and is an entertainment natural who is likely to be appearing on our screens for a long time to come. The supporting cast are excellent. Okay Billy Ray can't act but kudos to Miley for giving her old man a job. The musical numbers and slapstick comedy are well done and Miley's experience from the TV series shines through

There are no negatives to speak of. Any fan of the TV series won't be disappointed and it won't be an ordeal for any accompanying oldie.

PS Wait for the end credits where you will see that Barry Bostwick is a pretty nifty dancer! PPS Surprised at all the negative comments on this site. It's Hannah Montana - The Movie. What were people expecting?","6.0","neutral","2009-08-14","paudie","ur4017833","True","0","4","https://www.imdb.com/review/rw2111077/"
"rw4423099","Driving around in his car and getting out and taking pictures and walking","In the movie Peter Gunn plays Oswald Granger who is the guy with the camera and keeps following Miley who is Hannah Montana taking pictures. I did not like that part of the story.","10.0","positive","2018-10-27","ryanstauffer-97266","ur94424679","True","2","0","https://www.imdb.com/review/rw4423099/"
"rw10730379","Sequins, Hay Bales, and a Breezy Tune-Up","This plays like a sunny detour from the TV show, bright fields, country-fair lights, and a clean pop sheen. Miley Cyrus has easy charisma, sliding from stage swagger to small-town kid with a grin, and Billy Ray brings gentle dad energy that softens the edges. The camera loves sparkly boots, open skies, and a barn dance that's pure bubblegum, and a couple acoustic moments feel genuinely sweet.

Sure, the Disney machine is visible, brand glitter and tie-in polish at every corner, but the quieter scenes about family and community feel honest. Some gags are cornball and a few messages arrive with a heavy pour of syrup, yet the pace stays light and the songs keep it buoyant. If you want something cheerful for a family night, this is enjoyable and worth a look, even for a skeptic like me.","6.0","neutral","2025-08-18","stupid_llama","ur206249689","False","0","0","https://www.imdb.com/review/rw10730379/"
"rw8870775","Not Great Cinema, but a Fun Blast from the Past","Hannah Montana: The Movie is a fun, nostalgic film that will transport you back to the early 2000s. The movie follows the adventures of Miley Stewart (played by Miley Cyrus), a teenage girl who leads a double life as a pop star named Hannah Montana. The film is definitely aimed at fans of the show, as it continues the story and characters that viewers fell in love with.

However, looking back now, the film is undeniably cringey. Some of the humour and dialogue can feel forced, and the overall plot is a bit cheesy. Nevertheless, the nostalgia factor is strong and it's hard not to enjoy the musical performances and catchy songs. The film also has a heart-warming message about staying true to yourself and the importance of family.

Overall, ""Hannah Montana: The Movie"" is a feel-good film that will appeal to fans of the show, despite its cringeworthy moments. While it may not be a cinematic masterpiece, it's a fun trip down memory lane and a reminder of the innocence of youth.","7.0","positive","2023-02-14","aleksczernecki","ur96020788","False","0","0","https://www.imdb.com/review/rw8870775/"
"rw10477384","Glitter, Gators, and Growing Up","""Hannah Montana: The Movie"" is a cinematic experience that, even though it's simple-or even convenient-at times, carries an emotional weight that's hard to ignore, especially for those who grew up watching Miley Cyrus during the golden age of Disney Channel. Rewatching it in theaters, so many years later, only amplifies the nostalgic impact and shows that, behind all the glitter and goofy humor, there's an honest story about self-discovery and finding balance between your public and personal identities. Director Peter Chelsom manages to capture what made the original series so special: the internal struggle of a teenager trying to juggle being two people at once, something that, even wrapped in a colorful and optimistic lens, taps into very real issues about growing up and figuring out who you are.

The plot of ""Hannah Montana: The Movie"" is fully aware of itself as a cultural phenomenon. It's almost meta in the way it portrays Miley Stewart trying to hold onto her normal life while her Hannah persona starts taking over everything. Starting the movie with Miley literally running to her own concert immediately sets the lighthearted, self-aware tone that carries through the whole story. Even though the ""going back to your roots"" plotline is super predictable, the script, in its simplicity, works really well for its target audience-and for anyone willing to see it as more than just a pop girl story. There's a real effort here to talk about how hard it is to stay true to yourself when everyone else seems to have expectations you can't escape.

Miley Cyrus, still so young back then, carries the movie with natural charisma and a contagious energy that honestly hasn't aged badly at all. Her performance is vibrant, and even in the more over-the-top humor moments-typical of teen-focused productions-she brings enough humanity to make Miley/Hannah a protagonist you can't help but root for. Around her, the supporting cast delivers exactly what's needed: Billy Ray Cyrus reprises his role as the caring dad with low-key charm; Emily Osment is the loyal and witty best friend; and Lucas Till plays the safe, inoffensive love interest who never overshadows the real emotional arc of the story.

Visually, ""Hannah Montana: The Movie"" goes for a bright, cozy look. David Hennings' cinematography captures both the exaggerated glamour of Hannah's pop world and the sunny, laid-back feel of life in small-town Tennessee. The production design plays with visual contrasts that underline Miley's double life, without ever making the movie feel heavy or confusing. Even in the more cartoonish sequences-like the alligator hijinks or the hot sauce mix-up-the movie sticks to an inviting, optimistic color palette that feels right at home with its Disney Channel roots.

The music-such a huge part of Hannah Montana's identity-does exactly what it needs to do here. Besides marking emotional moments and keeping the audience tied to Miley's journey, the musical numbers are woven organically into the story, especially the iconic ""Hoedown Throwdown,"" which becomes a full-blown celebration of the Crowley's Corners community. It's through these songs that the movie's main message hits home: real happiness comes from accepting all parts of yourself, without having to choose just one version to show the world.

Of course, it's impossible to ignore that the movie leans into some pretty convenient storytelling, typical for the genre and its intended audience. The cartoonish villains, conflicts that get magically resolved, and the way major changes happen in just a few minutes definitely feel forced if you're watching it with a more critical eye. But honestly, it would be unfair to judge ""Hannah Montana: The Movie"" with the same standards we apply to films aimed at totally different audiences. Its goal is to be a sweet, accessible story about growing up-and on that front, it totally succeeds.

Rewatching ""Hannah Montana: The Movie"" in theaters years after first following the series back in 2006-07-and rewatching the story more recently-only makes it clearer that, despite all the obvious moments, this movie still carries a powerful message about identity and belonging. For anyone who grew up with Miley Cyrus, this movie isn't just a piece of kid entertainment: it's a deeply nostalgic reminder of a time in life when figuring out who you were felt like the greatest adventure of all.","6.0","neutral","2025-04-26","pinkmanboy","ur51584286","False","0","0","https://www.imdb.com/review/rw10477384/"
"rw7284245","Beautiful!","Such a nostalgic movie, makes me so happy, love it!","10.0","positive","2021-08-29","AnnaPagrati","ur68881398","False","2","0","https://www.imdb.com/review/rw7284245/"
"rw4934644","Its a gud movie for Hannah Montana fans.","Those who followed the TV show, are going to love it.","10.0","positive","2019-06-14","bhavooksingh","ur56632096","False","3","1","https://www.imdb.com/review/rw4934644/"
"rw3675213","HANNAH is the best !!!","Everything Hannah is wonderful.Music is outstanding. Miley is a great and talented comedic actress. Miley is a pretty and talented girl but when she becomes Hannah she is a goddess that is so breathtaking there are no words to describe it. Her face, voice and music open up the heavens and light the stars.","10.0","positive","2017-03-31","futureknightkong","ur74563745","False","3","1","https://www.imdb.com/review/rw3675213/"
"rw4498429","You are all haters","You guys are just hating on the Cyrus' for being self made international stars and you're jealous. Stick to the story people! It's genius! A star having an identity crises returns home to discover herself. Again, genius. The expression of love, family, and music all in one film has rarely been produced so well as in this film. Truly, should have won an Oscar.","10.0","positive","2018-12-07","lrthorndahl","ur94527207","False","3","1","https://www.imdb.com/review/rw4498429/"
"rw4398015","Hannah Montana: The Movie Review","When I was younger, I was a huge Miley Cyrus/Hannah Montana fan. I can remember watching episodes during the week as soon as they came on all the way to the end. When this movie came out, I was very excited. The movie aired a few years after the show had already came out, so everyone had a pretty good idea of who Hannah Montana was. I believe that the publishers did an amazing job of this because this movie is really all about who a person is on the inside. In this movie, Miley is trying to live a normal life as a teenager but also the crazy life of a popstar. I really liked how the movie began with showing Miley expected at her best friend, Lily's, sixteenth birthday party. While no-one else knew that Hannah Montana was just Miley with a wig, Lily did know. Lily also knew the pain that fame brought people like Miley. Miley tried to live up to the expectations of being at Lily's birthday party but also the expectations that her job as Hannah Montana had. Hannah ends up making it to the events she needed to including Lily's birthday party but as Hannah, not Miley. This drew everyone's attention to the popstar ruining Lily's birthday party. Before the party, Hannah got into a shoe fight with Tyra Banks and the paparazzi quickly aired those pictures. Miley's dad finds out and becomes very angry, forcing her to stop her life as Hannah Montana for just a few weeks to remind her of who she really is as Miley Stewart. Miley is not happy at all about this, as he made her travel back home to her hometown of Tennessee. I really enjoyed that the movie included the scenery of Hannah's hometown of California vs Miley's hometown of Tennessee. These are two completely different areas so it really shows the difference of the two girls. At first, Miley really struggles. She doesn't remember her horse, she hates getting woken up at the crack of dawn, and even struggles to remember childhood friends. The movie makes it interesting because it does a great job of showing how she acts from how the fame has made her all the way to the end of the movie where she learns her lesson of trying to live two completely different lives. As the movie goes on, it shows how she transforms back into the old Miley where she falls inlove with a childhood friend and begins to look back on times she had with her mother which really motivates her to think about who she is as a person. The scene of when Miley's dad sings a song to her that he sung when she was a little girl really touched my heart because this entire movie is about making Miley realize what the fame does to her as Hannah Montana. He sings to her and she begins to want to be not only the best Miley, but the best Hannah too. At the beginning of the movie, she really hurts Lily by showing up to her birthday party as Hannah Montana and she really doesn't care. But as the movie goes on, she begins to care about things that are important and starts to show that she cares. She helps her dad find a woman, helps her grandma around her farm, and even tries to be Hannah Montana to raise funds for her hometown while also being the sweet Miley. The ending of this movie is my favorite because after spending a few weeks back home, the goal is accomplished and she realizes what fame does to her as a person. She is supposed to preform as Hannah Montana, and in fact she does until she gets on stage and can't be the Hannah she used to be. She removes her wig and shows that she's Miley. While she thinks her career is over, no-one lets it be over. The town keeps her secret safe for her and she continues to be not only Miley, but Hannah as well. Portraying this made me think of my family and friends around me and I realized how important it is to always stay true to yourself no matter what the case may be. The movie really shows to keep a perspective on what is most important in life.","10.0","positive","2018-10-15","brittanywerley","ur93906615","True","3","1","https://www.imdb.com/review/rw4398015/"
"rw3558745","Fun to Watch with Family","For starters, the first time I watched this movie I was with my six year old sister and way back in 2009. Although just beginning to learn English as her second language my sister giggled as she watched it. I found it hysterical. I enjoyed Miley's double life incorporated with simple humor and comedy only understood by what I might say people with child like personality. I also came across some great songs like Crazier by Taylor Swift and Bless the Broken Road. Moving on, some reviews mentioned the movie not going into more detail. For instance, Jackson's alligator incident that probably needed surgery but only portrayed in the movie as a practical joke. No offense but this is a kids movie. You don't mind Tom getting a surgery from getting beat up by Jerry do you? You just smile at that. Furthermore, my mother also enjoyed the movie however she dozed off during the movie. Not surprising she does that when watching all movies but I digress. In addition, I really like the setting of the movie. All those ranches, simple town, farm animals are somethings I live for. Up until now my sister and I would occasionally get the DVD out and have a go at it. We still enjoy it. Overall it was a good movie.","8.0","positive","2016-10-09","vukkykenny4530","ur52513890","True","3","1","https://www.imdb.com/review/rw3558745/"
"rw2050436","Better than expected","I know a lot of people are going to knock this movie, but I must say that I found it quite well done. If we accept the G rating and understand that this is a family friendly film, then look at the underlying issues developed through Miley's character, then we can see that this is one successful movie. First, yes this is geared towards kids; that's the fan base established by the show. But there are things thrown in to appeal to the adults who are accompanying their kids to the film. I took my nine year old daughter to this film (she barely slept last night she was so excited). I didn't have a lot of expectations for the film, just to entertain my daughter, but I found myself enjoying it with her. Without giving away too much of a spoiler, there is a touching scene between Miley and her father and my daughter and I shared a life moment when we whispered to each other during it. Being in a situation where I am raising three kids effectively alone, I identified with Billy Ray's character (especially now that I am considering dating). The slapstick comedy was fun, and I thought both the evil paparazzi character and the evil town developer character were underplayed enough to keep the focus on Miley's dilemma of choosing what she will do about her Hannah persona. This central dilemma, I felt, was very well done. Some reviewers seem to think that the film is either/or based. It is not. It is focused on how can we maintain a public persona while developing privately. I found that quite poignant, particularly after the hubbub over Miley's Anne Leibowitz photo (was that for Vanity Fair?). Can Miley find a way to grow up while maintaining her public persona? The fact that this fairly complex idea can be developed in a rated G movie whose built-in fan base is young girls and their parents is a good reflection on all those connected to it, and I believe they pull it off quite well. Even the old and stale be-in-two-places-at-once is pulled off effectively within this motif. I think Disney has turned out one of their best offerings ever.","9.0","positive","2009-04-10","swusterb","ur4446248","True","25","36","https://www.imdb.com/review/rw2050436/"
"rw2051150","Movie isn't as bad as some say","I wasn't expecting much, especially since my thoughts on Miley are heading in a downward spiral with her behaviour. If she keeps up her bratty, Im a star attitude, she will be off our viewing list just like Zoey 101 star Jaime Spears (underage pregnancy? where were her parents?).

Back to the movie. I saw it on opening day and it was packed. The girls in the audience had their hands up in the air waving it back and forth during the Climb song. They clapped at the end. Overall, I actually enjoyed the movie as well.

I've read some of the negative comments. Just to remind some people, this is a 'kids' movie. Its not Oscar material. Its been put together to give the Hanna Montana fans another way to see their favourite Disney princess. Take it for what it is. Don't hack it apart. Have you seen Demi Lavato? She couldn't act if her life depended on it. That grin is scary. But the kids love it. And isn't that whats important? Just sit back and enjoy the movie because its really not as bad as some say.","8.0","positive","2009-04-12","carmela_e","ur20961181","False","24","36","https://www.imdb.com/review/rw2051150/"
"rw2050392","A Shockingly Good Family Movie","My wife and I, both in our 30s, were shocked at how satisfying this movie was. My daughters are big Hannah Montana fans, and my wife and I occasionally watch the show with them, so we were not expecting too much. As expected, there is a light, fluff storyline. However, it's intermingled with another, more mature storyline that could break a Daddy's heart. The acting is pretty good, too.

Beyond that, this musical is packed with great songs. The girls liked the Hannah Montana songs, but I really appreciated the more mature, country songs that made up the other half of the soundtrack. Miley Cyrus is trying to make a career beyond her Hannah Montana image and I, for one, think she is going to succeed.","9.0","positive","2009-04-10","james-szabo","ur17544800","False","40","70","https://www.imdb.com/review/rw2050392/"
"rw2051224","For What It Was...A Very Good Movie","Judge this movie for what it was...a movie written to appeal to adolescent and pre-teen girls. I took my 7-yo daughter and 5-yo son, and bottom line is they both loved it. I totally expected to use this movie to catch up on some sleep, but that didn't happen.

The scenery and cinematography of the Tennessee countryside was beautiful. The music had a nice hook and was fun to listen to. Miley's initial ""entitled, Hollywood child-star"" snobbishness and sense of entitlement was totally believable, based on teen actors in Hollywood. But to me, (the most important element of the story) the ""moral of the story"" was by far the strongest and most import lesson to a very apropos audience...""Your actions and choices in life are much bigger than you."" Sure...the humor was corny, elements of the story-line were totally implausible, and the realism of Miley's situations were tenuous at best. But all in all, it was a cute movie with a good message.

Yes...I cried the last 20 minutes of the movie! :) Watch the movie to have a fun time with your daughters. Don't try to go Siskel and Ebert on this one...it won't work.","9.0","positive","2009-04-12","GTJack","ur0849019","True","17","25","https://www.imdb.com/review/rw2051224/"
"rw2088742","Great Movie","I think this was a fantastic movie! Miley is such a talented young girl and has a bright future ahead of her. I hate all those people that diss her...I think they're just jealous. Great movie, I think everyone should go see it. I am 22 years old and personally love Hannah Montana. It could have something to do with my younger cousins making me watch the show all the time, but either way I think she's great. I hope she comes out with another movie that shows the characters from the show more, I was sad to see that lily and oliver and jackson weren't in the movie very often, but I did like to see her with her other family that you never really hear about.","10.0","positive","2009-06-30","missylissy55","ur21379487","False","7","7","https://www.imdb.com/review/rw2088742/"
"rw2180251","what a great movie","I just saw the movie today, was afraid... i thought i wouldn't like it, but its amazing!!! I always wanted to become a singer, and so i wish it would happen with me :( but i know it will not.

For those who haven't seen it, Please watch! its a great movie!!!! The way that her dream became true, oh my god. I truly wish it would happen the same with me!! ""There's always going to be another mountain I'm always going to want to make it move Always going to be an uphill battle, Sometimes you going to have to lose, Ain't about how fast I get there, Ain't about what?s waiting on the other side It's the climb"" Maybe i just gotta climb the ""mountains"" and make my dreams come true, isn't?!

Hannah Montana, the movie (c) 2009

Miley Cyrus, you're pretty cool! Hope to c you at Madeira (Portugal) someday!!!!","10.0","positive","2009-12-25","bizalha","ur22289958","False","5","4","https://www.imdb.com/review/rw2180251/"
"rw2050656","Nice transition from small to big screen","Miley Cyrus. We all know the name, whether you love her or you hate her. 

Hannah Montana: The Movie wasn't anything Oscar worthy. But it's not Razzie worthy either. The fan base is 6-14 year old girls, and they reached that base real nicely. Cute, catchy songs, a cute boy, sticky situations, and of course a flashy wardrobe. 

I give props to Ms. Cyrus, she has definitely come a long way since early 2006. Her voice is honestly not bad, it's different and sounds pretty nice oftentimes. She is a mediocre actress, and in this film I think she stepped it up and impressed at least me. The plot line was nothing original, but I liked it. It was easy to follow and it grabs the attention of the girls within the age range. Job well done, it was enjoyable.

So before you bash Miley, the music or the movie itself, remember who is it intended to please. In that case, it was great. I'm not ashamed to say that I'd sit through it again.","8.0","positive","2009-04-11","katie-joy","ur6539392","False","24","42","https://www.imdb.com/review/rw2050656/"
"rw2225018","Fantastic!","This movie is phenomenal. It follows the life of a regular teenager who is secretly a famous pop-star. It is based on the popular Disney show Hannah Montana. Im the movie Miley takes it too far when she tackles a famous model and misses her brothers graduation. She also almost forgets about her best friends birthday party. Because of this she must go and live back in her home town of Tennessee. At first she hates it but learns to enjoy when she finds her friend from way back when who she has a crush on. Unfortunately the pressure of her double life increases and something dramatic happens that could change her life forever. I recommend this movie to anyone who likes a touching story.","10.0","positive","2010-03-22","natepettet","ur23022380","True","6","6","https://www.imdb.com/review/rw2225018/"
"rw2084889","Amazing..Best movie ever !!!!!","I do not usually watch Hannah Montana nor do I prefer her music to other artists'... but I thought that this movie was brilliant.The soundtrack was wonderful.....as were the lyrics and the choreography I enjoyed every minute of it and I would watch it again and again and again and again and again...etc. I couldn't even leave to go to the toilet so I was lucky it ended on time :D:D:D. .I would give this movie a rating of ten out of ten and as soon as the DVD becomes available for purchase in Europe I will be the first in line to buy it.I loved this movie and I hope you find this review very helpful and I hope that if you are going to see this movie or if you have seen it that you will/have enjoy(ed) it as much as I did.","10.0","positive","2009-06-22","mollie-29","ur20325099","False","8","10","https://www.imdb.com/review/rw2084889/"
"rw2049785","Screened two days before opening.  Good movie.","Fans of the show, like myself, will love this movie. I was really excited to screen this at work and it was well worth it. Hannah Montana the Movie is a great, feel good movie. More of a Drama with funny parts than a full on comedy that works with great success.

I am a huge fan of the show for it's over the top humor and outrageous antics, but the film had such a depth to it. It was done superbly!

I was a little skeptical at the beginning when the Tyra Banks shoe fight happened thinking, ""oh no, please don't let the movie just be like this."" but it was great. 

The Tennessee family is so great, and the relationships with Miley's grandma is very nice to watch, as well as the one with Miley and her boy toy cowboy! LOL

The music in it was good too. Near the end of the show when Hannah/Miley sings with her dad it was very sweet and heart warming. Brought a little tear to my eye.

Fans will love the show, and if you're not a fan looking for just a good movie, this one is. Just plain, good ol' fun. 

ESPECIALLY IF YOU LIKE COUNTRY MUSIC!!!!","8.0","positive","2009-04-09","dallon-thorup88","ur20559032","True","23","44","https://www.imdb.com/review/rw2049785/"
"rw2096863","good movies, worth seeing.","hey look, i am not a big fan of Hannah Montana. i don't listen to her songs, because i don't like them. but ill give her one thing, she is a good actor. I'm 16 years old, and i went and saw this movie, because i thought it looked alright and i was curious to see how it went. and i actually really liked it. i laughed at all the funny bits. and i even cried, not sure at what though, because their wasn't really any really sad scenes, but i was bawling my eyes out. i think it presented a lot of morals, and a lot of things about people trying to be someone there not for all the wrong reasons, like popularity or money. i really did enjoy this movie, and i recommend it to anyone looking for a good movie.","8.0","positive","2009-07-16","lil_pigieva","ur21618876","False","6","7","https://www.imdb.com/review/rw2096863/"
"rw2160068","Under Appreciated...Seriously","Hannah Montana the Movie ironically suffers from the popularity of its pop icon star, resulting in some prejudging from viewers who may be somewhat jaded by the Hannah Montana franchise. It's target audience, young girls, can see beyond that to what has made Hannah Montana such a phenomenal success - the incredible talent of Miley Cyrus and of course the music, which is this movie's other big selling point. There are so many memorable and notable songs, including one from Taylor Swift. As for the comedy, Jackson's (Jason Earls) sight gangs break up the monotony, and Miley herself has some entertaining comedic moments. It may seem a bit overused at times, but the movie's aim is not heavy drama. It succeeds as entertainment for its primary audience. Sure, there are some faults, but Hannah/Miley's revelation at the end and the incredible music are redeeming enough to warrant a high rating.","8.0","positive","2009-11-18","cinco63","ur22398818","True","3","2","https://www.imdb.com/review/rw2160068/"
"rw2198243","Very few movies are truly ""realistic"".","Reading all of the negative comments reminds me of all the people that I've watched other movies with. They spend the whole time ""judging"" the movie, looking for flaws and comparing the movie to other movies. I hate inviting them out to movies or inviting over when a bunch of us get together to watch a movie. They simply suck. They are absolutely no fun and typically ruin or complain about 99% of the movies they see. When you finally find a movie that they consider to be ""realistic"" or ""great"", it's the most bizarre abstract piece of crap that is truly only realistic in an alternate world that has no possibility of being reality. In the case of one of my kids who didn't like the movie for the sake of realism, she loves to watch those ""reality TV"" shows. Wow, yeah...those are ""real"". They are paid performers with a contract.

This movie wasn't advertised as a ""reality"" show so it's not trying to be something that it isn't. Hannah Montana: The Movie, guess what, it's a MOVIE about Hannah Montana who ISN'T a REAL PERSON anyway. We all work with people that are completely different when they are away from the office or around another group. Does that mean that they aren't real or does it simply mean you don't know them enough? If you've watch the HM series on Disney, you have to realize that the movie can't be so dramatically different where the characters' personalities don't line up with the series that kids are familiar with. Keeping this in mind, Miley's performance, funny facial expressions, etc are typical of her character. I'm sure most of us that have reviewed the movie don't _truly_ know Miley at a personal level by being with her several days out of the week, days on end. It's hard to say whether or not the ""Miley"" portions of the movie are realistic or not. They might not be ""realistic"" based on who you are, but is your name in the credits? As a father of 5, the song ""Butterfly"" was extremely touching and her performance in ""The Climb"" was very very powerful. Listen to the song people! She is very dynamic her singing. You cannot tell me that she ""cannot sing"". Have you people ever watched American Idol! OMG.

Her performance and singing in many parts of the movie were very well done. I'm sure most that commented on the movie are not in the business of acting AND singing AND playing an instrument on screen or in concert everyday. From my point of view, I will give Miley high marks for what she's accomplished and done in her young life. There's a huge difference when you have a movie actor who is playing the role of a ""singer"" in a movie and has no foundation in music or performing as a singer/song writer. At least Miley knows what it's like and has been exposed to what it takes to put on a _real life_ production concert in the _real world_. Unlike her concert movie, most of the performance related shots were simplified.

There have been a lot of young singers/actors from Disney that have come and gone. If they don't have talent, they don't make it far once they are out from under Disney's wings. I completely agree with those comments, however; I don't believe this is one of those cases.

Was the movie ""an amazing"" movie? No. Was it realistic, many parts were. My wife has met Rascal Flatts, she's performed at the Grand Ole Opre, she's met Taylor Swift and others. The ""jam"" session where they are just playing songs and singing on the porch, maybe it's not always a porch, but it happens a lot.

What was wrong with it? As much as I like Billy Ray's song ""Back to Tennessee"", his acting ability is something that I will agree with EVERYONE who has said it is monotone and flat. But, if you've seen the HM series, he's right on target and definitely didn't redefine his character in this movie. :) What else? I agree with the person who commented about the reporter keeping his mouth shut or even someone in the ""hometown"" not blowing the whistle. But wait! Is this the first movie that I've ever seen in my entire life that didn't wrap up EVERY possible situation up? (not bashing the original commentator because the observation was good) Hopefully when Disney decides to retire Hannah Montana, the final movie (as much as most of you will hate it, I'm sure that all of you will end up watching it once :) ) could be triggered by the reporter or a ""hometown"" person leaking the information. Who cares, it's a kid's movie. I think most adults ""expect"" people to be back-stabbers or anticipate someone to ruin the moment. Why? Experience.

For the target audience, they are young kids, they don't live every day of their young lives with their guard constantly up, waiting for someone to hurt them. It's still an ideal world out there for them with a lot of hope and good things.

The movie is a very simple, funny at times, odd at times (Jackson's story line, with the DVD deleted scenes, makes sense. What happens to him -Alligator- is typical based on the series, so as odd as it is, it fits the ""character"") and has a few very touching moments.

Watch the movie for what it is, a Disney movie. It's not The Titantic or Avatar.","8.0","positive","2010-01-27","imdb-12773","ur9554177","False","3","2","https://www.imdb.com/review/rw2198243/"
"rw2052023","Hannah Montana is not a bad movie.","I won't use words like ""wholesome entertainment"" or ""family fun"" to describe Hannah Montana the Movie. I'll be the first to admit it. Hanna Montana the Movie was a great movie.

Miley Cyrus is not afraid to make a fool out of herself, and it's easy to see how millions of kids across the world absolutely adore her. The movie is simple and genuine, and although the story overall is predictable as expected, you've got to admit it's all entertaining. Of course you've got your obligatory dance number, and believe you me, the ""Hoedown Throwdown"" is catchy, and yes I learned it. Not since Mr. Cyrus' own ""Achy Breaky Heart"" has a line dance been so infectious. I challenge you to leave the theater without repeating ""BOOM BOOM CLAP, BOOM CLAP"" over and over again.

The casting was great with supporting roles from Margo Martindale playing Hannah's sweet grandma, and Melora Hardin (the Office) playing Billy Ray's love interest. And the music wasn't bad either. Don't be ashamed. Have a good time and see Hannah Montana the Movie. You'll enjoy it.","8.0","positive","2009-04-13","misterembryo","ur4208708","False","15","29","https://www.imdb.com/review/rw2052023/"
"rw2051915","Don't listen to the negatives","Man, who in their right mind would believe TWEENS would walk out of theaters? Don't believe that post, people - theaters were packed and given the weekend box office, the audience loved the movie, as did I. The cinemascore was an A.

As for the other posters who gave this 1 star - read closely - did they actually see the movie? Most of them haven't and left reviews BEFORE the movie was released.

Parents, this is a safe, fun, family film with a lot of heart and a surprising amount of emotion. Also has a great message about realizing what's truly important in life. Sure, it's a bit sugar coated and some of the gags are a little goofy, but it is, after all, a kids movie.","10.0","positive","2009-04-13","viennawaits-1","ur19100839","False","18","37","https://www.imdb.com/review/rw2051915/"
"rw2049125","""HANNAH MONTANA: THE MOVIE"" – Walt Disney Pictures: The MoneyMaker --","(Per an advance preview, seen with mainly females of the Pre-Teen persuasion-- who seemed to get a big KICK out of the film:) It's not easy to make an effective story-based movie when the main goal seems to be to provide its audience with a series of CONCERT-type performances; but, this film actually SUCCEEDS at that. The story concerns a father (BILLY RAY CYRUS) who feels his performer daughter MILEY (a/k/a HANNAH MONTANA) is getting somewhat ""FULL"" of herself, & he takes her back to the family home in Tennessee to try to help her become more ""grounded"". Helping out are various characters such as her Grandma (MARGO MARTINDALE) & handsome farmhand (& eventual love interest) Travis (LUCAS TILL) who prefers ""real"" people & who has the motto ""Life is a CLIMB"" (which Miley eventually turns into a song). You have various characters from the TV show including her BFF Lilly (EMILY OSMENT), & her brother Jackson (JASON EARLES) & Oliver (MITCHELL MUSSO) for comedic purposes. It doesn't break any new ground (with the way Miley puts on a show to raise money needed to improve the town). But, it's got a GOOD ""believable"" cast & story, a bunch of enjoyable & well-done song numbers (especially ""Hoedown""), & it ""WORKS""!","8.0","positive","2009-04-07","jimchudnow-1","ur3244156","True","26","59","https://www.imdb.com/review/rw2049125/"
"rw2226342","Not at all bad I thought","I just want to start of by saying that this was not an all bad movie. I am a 20 year old male, and maybe like some of you I love to watch movies in all shapes, forms and colors. This movie has had a lot of complaint, on this forum as well as others. Well as many others have stated before me, its target audience is not adults! So if you don't get it, don't beat yourself up about it. Another complaint has been Mileys (and maybe others) acting in this movie. I can agree that on the show Hannah Montana they lack great acting (Except maybe Mitchel Musso and Mosies Arias). But in this movie the acting was nothing half bad. In fact I find the acting good. There isn't much to blame. I mean Miley Cyrus plays Miley Stewart, a character based on her and Billy Ray plays Robbie Ray who is also based on him. They play as themselves and no one is too much or to short on acting. The plot is decent enough simple for a children's movie but although not very original.

It's a feel good film with good messenges about the ups and downs of things, and as the whole show it deals with ""To follow your heart"" and ""Do the right thing"". Might not be original, but messenges like it is needed, because although over exposed very few people follow the advice. I know watching Hannah Montana as a whole has changed me in many ways even though I always ""hated"" it all before I actually took time to watch it. I recommend the move to all ages and sexes but keep an open mind and think hard about what is said and you might come out wiser than before.","8.0","positive","2010-03-25","TheVicarious","ur11590670","False","4","4","https://www.imdb.com/review/rw2226342/"
"rw2117126","It was beautiful!","This movie was very awesome! Why? I'll let you know why! The movie is very funny, you can laugh almost every minute, but also has it's drama. You can learn from this movie a lot! This is a kind of movie that you can watch it with your friends, family, when you're in a bad mood or anything. Honestly, after I watched this movie, I started to watch the series too. I really like'd it. And I was really sad when I found out that Hannah Montana the series will end at the 4th season. But also I'm happy for Miley's new film: The Last Song. They say it will be totally different than Hannah Montana. Anyway back to the Hannah Montana Movie it's a movie that you have to see! Seriously! I don't know what's with the people who rate the movies. ""The Number 23"" was the most awful movie?! What the... And Eternal Sunshine of the Spotless Mind?? that too? What's with you people?? 

Btw.: I'm 19 years old, male and really... I LIKE THE MOVIE A LOT! You have to see it!","10.0","positive","2009-08-26","bocouka","ur22010117","False","5","6","https://www.imdb.com/review/rw2117126/"
"rw5872788","Funniest film I've ever seen.","I like this movie, because it had some funny memorable scenes. Some of the songs are memorable as well.","8.0","positive","2020-07-01","ryankca","ur65557261","False","2","1","https://www.imdb.com/review/rw5872788/"
"rw5490942","Corny!","This movie is really poorly rated and I feel like it's not right. It has some good points and it's funny. Miley learns that where she comes from will always be apart of her. But, I do see where people think it's bad. The acting is awful and the story is different. Also, the music is not amazing. I still think it's a decent movie, not fantastic, but good enough to enjoy.","10.0","positive","2020-02-17","brooke-98054","ur112380085","False","2","1","https://www.imdb.com/review/rw5490942/"
"rw6792877","greatest movie of my childhood","This movie genuinely shaped my childhood. The hoedown throwdown scene is the most iconic thing and that fact taylor swift makes an appearance just makes it miles better. The songs are incredible and the emotions are all over the place.","10.0","positive","2021-04-08","emilyjhaycock","ur86316600","False","2","1","https://www.imdb.com/review/rw6792877/"
"rw3064426","Why 4.0?! This is not a bad movie.","Hannah Montana: The Movie is a film based on the TV series Hannah Montana, which is about a young girl named Miley Stewart who lives a double life. One as a normal teenage girl, the other as a talented, widely popular, world famous superstar, named Hannah Montana. The show is a low-budget, 20 minute show that is made by and featured on the Disney Channel. It is heavily aimed at young girls between the ages of 6-14.

I saw the rating on IMDb (currently at 4.0) and got prepared to hate this movie... but I didn't. I didn't even find myself bored. Admittedly, although I'm not that old (turned 20 last month), I do not fill the bill to be in Hannah Monana's target audience (though I am watching the entire series). So I am judging it based on what this film is meant to be for young girls who are fans of the show.

Many, many people complained that this movie was unrealistic, cliché, and predictable. Also about Miley Cyrus's acting, the music featured in the film, as well as its sense of humor.

What the heck did you expect, and what more do you want?

If anything, I was impressed! Perhaps partly because I went in with very low expectations, also because I only take it seriously in what I want for television made for children. Here's why: The concept of Miley Stewart's double life is explored, exposed and explained in ways that the creators could not have done on the show. The relationships between the characters are taken on a whole new level, whereas it's not only sweet and endearing, but also very simple and easy to understand for children. It is truly and simply a drama for kids.

I think Hannah Montana presents a lot of good values for children, and I'm happy to say that if I had kids who wanted to watch this series again and again, I would have absolutely no problem with that. I have some reasons why...

For one thing, as opposed to a lot of young female protagonists on television, while Miley Stewart may not be one of my favorites, I am absolutely, positively pleased that she is far from being a perfect girl. Miley is sweet and means well. She's relatively smart and knows how to get what she wants. She's also very talented and has made her way around Hollywood to be popular and loved by all*. HOWEVER! She can also be selfish, rude, shallow, unrealistic, and overbearing. In addition to that, although she may be down-to-earth most of the time, tends to struggle with this, due to her double life as a diva. Not only does this help her image become more attainable (as attainable as an superstar-in- disguise could be), but also gives young girls a good role model that teaches them that while you should be good and kind, being selfish, jealous, dorky, lazy, and so many other things is completely normal and a part of your life. Also that what defines your personality is how much you grow, and learning to admit your mistakes and apologize, rather than try to be perfect from the get-go, which is impossible.

A recurring lesson in Hannah Montana: Family and friends are important. Always be there for each other, love one another unconditionally. Don't let boys stand between you and your friends, support your loved ones when they are dealing with difficult things, and, most importantly, listen to each other.

More lessons that were put under the spotlight in this movie: Being honest with everybody is being honest with yourself, follow your dreams, nothing should come in the way of a true friendship. Find your home, and you'll always find your way back to it, so matter what.

Unlike so many other western movies I've been watching that are for kids, this movie is filled with love. Fathers singing with and cuddling their daughters seems to be cliché, but is put here without a second thought. Communities showing support seems to be out of style, but Miley's family and town people are kind. I appreciate this movie bringing these things back to my screen. It may not be realistic, but it reminds me of being an innocent kid.

Now, for the quality of the movie... I loved the directing. Yes, even the melodramatic revolving door scene, which I think was perfect, because it advanced the entire plot in about 1 minute and was very easy to understand without having to include any words at all.

Miley's acting was NOT good... but who cares? Everybody else was average. I've seen much worse, and kids definitely don't care.

The songs were perfectly fine. I suppose my only critique for the songs is that the ""Hannah Montana"" songs (""Let's Do This"", ""Let's Get Crazy"", etc) fall completely flat. They are all just about dressing up and having fun. I suppose that while the Hollywood lifestyle is glamorized a little bit, the focus falls on Miley, not Hannah, which makes it tolerable.

Featuring country pop songs from other artists (Rascal Flatts, Taylor Swift) as well as 12 brand new pop songs by Miley Cyrus, I thought the soundtrack fit the mood perfectly. Some of the maturity in this film can be found in beautiful songs, which are ""The Climb"" and ""Butterfly Fly Away"", respectively.

I didn't enjoy the jokes... but I'm capable to stop thinking about myself for a moment and realize that it was perfect for kids.

I will end this review by saying that Hannah Montana: The Movie is better than the 2013 animated Disney feature, Frozen, so all you folks who gave this a bad rating because it was ""immature"" or ""uninteresting"" can go to heck. 

Feel free to fight me at feel-free-to-fight-me@g-mail.com. (Without dashes.)

*This is strictly based on how the show presents the character of Hannah Montana.","8.0","positive","2014-08-08","musawi-19","ur37881960","False","2","1","https://www.imdb.com/review/rw3064426/"
"rw5669492","Hannah Montana","It is all about a girl (miley cyrus) who wanted to be a famous rock star but also wants a normal life so she puts on a wig and makes up the singer Hannah Montana.But when she goes to her nana's birthday party in tennessee she makes a decision that at her concert it is time for the wig to come off for good but it still didn't change her life As the people of tennessee promise that they would never tell her secret. Miley cyrus was in The Last Song,lol so undercover and many more","10.0","positive","2020-04-24","isabellamcpherson","ur117220673","False","1","0","https://www.imdb.com/review/rw5669492/"
"rw6003265","Such a good movie","If you weren't a fan of this movie then your not a true Miley fan.. this shows her real life aside from being Miley! It's a beautiful movie!","10.0","positive","2020-08-17","browneyedgodess04","ur34025059","False","1","0","https://www.imdb.com/review/rw6003265/"
"rw9730646","Best movie","Loved this movie so much, would recommend to anyone. Only found out about it last night, can't believe I didn't watch it sooner, it's such a cute movie, perfect for all the teenage girls out there. The music was brilliant and I'll be adding them all to my playlist for the future. It was a cute, wholesome movie, can't complain about a single thing, can't wait to rewatch it over and over again. Perfect to watch with friends and family, my new comfort movie. It will bring you back to your childhood for all the girls out the whole loves Miley Cyrus and Taylor Swift. I will be watching the series next. BJD.","10.0","positive","2024-04-11","laurenecawley","ur127177682","False","1","0","https://www.imdb.com/review/rw9730646/"
"rw6059267","It was not what I expected.","It was a good movie, but not as good as the Hannah Montana series.

But the presence of Taylor Swift in this movie surprised me!","8.0","positive","2020-09-03","emilykinneyoficial","ur119959360","False","1","0","https://www.imdb.com/review/rw6059267/"
"rw2050635","Amazingly Good","I found this movie extremely good! I am in love with it. I am a huge Miley/Hannah fan, and I'm 16. Yes, SIXTEEN years old. She really isn't that bad people! This movie is funny, and a great story. Of course, if you aren't a Hannah fan, this movie is not for you. I think everyone should give it a chance. You will laugh a lot, and have a great time. Kids will love it of course. Miley has become such a great actress throughout time. She is really maturing. A lot of people are giving her crap because of little mistakes she makes, but everyone needs to remember, she is a TEENAGER! She's gonna do stupid things. But you cannot hold it against her. Anyways, this was a really good movie. It gave me chills, and i cried. Give it shot before knocking it.","10.0","positive","2009-04-10","beautifulxxxflaw","ur20953031","False","30","78","https://www.imdb.com/review/rw2050635/"
"rw2133000","Wonderful Family Fun","My kids and I loved it.

It was especially fun seeing them in a different local besides the California set.

The country flair was great.

While she juggles between her life as a superstar and a regular girl, it does get hectic for her and you do feel sorry for her. And her father, tells the girl that he likes

that he can't take time to have a relationship, because he needs to watch after his daughter. So watch it with your kids. Another family friendly movie. I highly recommend it.","8.0","positive","2009-09-27","emeraldrose63","ur11830246","False","5","7","https://www.imdb.com/review/rw2133000/"
"rw2064259","It delivered what it was supposed to","I came onto this board a couple of weeks before having just seen the movie about 20 minutes ago and I was really shocked at some of the hatred this movie had generated. I really just couldn't believe this move would be so bad it managed to score below 3 on the IMDb rating (though the majority of the ratings are from crusty old men).

This movie, as overrated as it may be, is not actually anywhere near as bad as people make out. It leaps far beyond any other teen girl flick I have seen in the past 5 years. Hannah Montana: The Movie delivers what it should; which is an entertaining, funny and enjoyable teen flick for the girls and boys of 16 and under. People of rating this movie based on things it shouldn't be marked on. This movie is not an Oscar winning movie. It won't win the best awards for screen play, script and acting because it's not supposed to be that. This movie is supposed to be a ""fun for the kids"" type movie and that is exactly what it is; The story was well made, it contained moments of humour, the songs were catchy (example: Hoedown Throwdown), the acting was decent considering it's using a cast from a Disney show and the script and screenplay were spot on.

If you are a girl/boy aged 16 and under and you don't like this movie: then you don't really like Hannah Montana. If you are a man/woman aged 20+ and you didn't like this movie: why the hell did you watch it anyway? Perhaps you walked into the wrong cinema screen or you were dragged to see it by your sons and daughters.

This movie is amazing for the target audience it is aimed at, so don't expect to enjoy it if you're a grown man.","10.0","positive","2009-05-10","sharky9252","ur8628625","False","7","12","https://www.imdb.com/review/rw2064259/"
"rw2051782","Just keep in mind...","You know, I've been a father now for 6 years to a magnificent son. He was adopted out some time ago, but still, I hold many parental elements: like the tolerance for children's' shows and movies. When I first watched the Hannah Montana show on TV, I liked it, strangely enough. Didn't think I would, but - hey, surprises rock, right? LoL. Anyway, I'd become so addicted to the show, that when I heard the movie was going to come out, I'll have to admit I was a little more than skeptical, though quite excited. In the theatre, I remembered thinking to myself that I hoped I'd not made a mistake by coming. Lots of television-to-movie shows I've seen have panned out very badly. When the movie started though, it was like I was watching a longer version of the show. Then, they threw in a little depth and drama, mixed it with the comedy, new characters and some new and old tunes. What came out of it, was truly a fun thing. I laughed my butt off in many occasions and just enjoyed myself immensely. Afterwards, I left feeling that my money had been spent in the right place. Only problem - not a big one, but still... you see a lot of Lilly, but not much (if at all) of her Lola alter-ego. I thought the purple, blue, whatever color she decides, hair was fun. Well, though the demographic is 6-14 year olds, I still had a good time. Definitely see this movie if you're in the mood for fun, if your in the demographical age or not.","10.0","positive","2009-04-13","renojms","ur17275727","True","11","23","https://www.imdb.com/review/rw2051782/"
"rw2115478","Take it for What it Is","This is not ""Citizen Cane."" This is not ""The Shawshank Redemption."" This is not ""Schindler's List."" This is a Hannah Montana movie. It's an extension of the show. I don't disagree, really, with anything negative that anyone else posted. Poor acting, alleged plot, obnoxious kids, boring, overused story - but that's the show, too. If you (or your kids) like Hannah Montana, then they will like this movie. It's not for you, it's for them.

I, for one, am cheering for the continued success of HM/MC. I would hate to think that Billy Ray Cyrus prostituted her childhood in a pathetic attempt to rescue his owned failed career with no success. I've always wanted to say that.","8.0","positive","2009-08-22","horacepmctitties","ur19695646","True","4","5","https://www.imdb.com/review/rw2115478/"
"rw2050726","Great all around family entertainment","I really enjoyed this movie along with my girls ages 6, 7 & 9. Great soundtrack, good message without being preachy. Miley is a very good actress along with dancer and singer. All of the characters from the TV show that you would expect to see along with several fun cameos. Good transition from the ""Hannah Montana"" TV show to the big screen and all the where did Miley come from?? questions answered. This movie is definitely worth taking the family to see, it DOES NOT seem like a rushed piece of fluff to make money, but a genuine, fun family film that has a very good message and pleasantly lots of laughs =)Excellent entertainment for movie goers of all ages that you don't have to cringe over when watching with your children.","10.0","positive","2009-04-11","meowlori","ur7528783","False","21","56","https://www.imdb.com/review/rw2050726/"
"rw2050962","As a skeptic I was not looking forward to it but the comedy delivered!","I took my 11-year old daughter, who loves the show, but has tired of the music, to see it. I find the show quite funny as well. I was, however, not very confident at the chances of having a good time seeing the sitcom being brought to the big screen. I was wrong. The comedy bits were very well done. Any time Miley's brother Jackson was on the screen the audience was laughing out loud. He's a very funny physical actor. The young girls in the crowded theater were clapping and singing along with every song in the movie, and I was not disappointed with the soundtrack either. The story was old and obvious, and the dramatic parts dragged it down a bit. It still had a good message, and every time it seemed to lag with treacle they threw in a great comedic/slapstick scene that had the audience(and me)rolling.

All-in-all the movie was worthy of a 7 out of 10. I had to give it a 10 just to balance out the haters that gave it 1 or 2 just to be idiots. No doubt, given the number of negative reviews cast (without comments to back up the rating), some anti-Miley website is behind this stupidity. This seems to be the computer age we live in.","10.0","positive","2009-04-11","docgoblin","ur8739211","True","21","59","https://www.imdb.com/review/rw2050962/"
"rw2052091","Great family movie.","Our family loved this movie and of a packed theater no one left early,in fact most stayed through the ending credits. Great music and family fun. There was nothing inappropriate in the whole movie so it is very kid friendly. That being said the adults in our family enjoyed it also.

There was also some cameos from country stars such as Rascal Flatts and Taylor Swift. As parents of a 6 year old daughter we are happy to find family friendly movies. I do not understand why if this is not your type of movie why one would even bother to give a biased opinion on the movie. If your not attending this movie with kids then don't bother giving your opinion and try to ruin it for others.","10.0","positive","2009-04-13","sandan93","ur13842818","False","14","36","https://www.imdb.com/review/rw2052091/"
"rw2050965","Great movie; Ignore the haters","To anyone that likes Disney, Hannah Montana, Miley Cyrus, and some cheesy humor; this movie is perfect for you. The rating on this site is just bad because of all the haters out there that rate stuff they don't like a 1 out of 10 and it is really unfortunate that there are so many haters. It is a good movie and the 2 hours went by so fast. They story was great, the acting was just as it is in the show, and the new songs were wonderful and touching. My mother, 50, and myself, 21, were in a theatre filled with lots of girls and their mothers and everyone came out of the theatre talking about how good the movie was; I didn't hear a single complaint, it was that good :) Do yourself a favour and go see it!","9.0","positive","2009-04-11","snowninjachic","ur20959349","False","17","50","https://www.imdb.com/review/rw2050965/"
"rw2072659","Hannah Montana movie","Although this movie was an obvious Disney advertisement opportunity, I loved it. It was refreshing to see a true

rated G movie to take my girls to. My 15 year old even wanted to go and she's not a big Hannah Montana fan. The music was well placed and it was quite the concert event. Lots of country stars, action sequences, physical humor and pure, honest emotions in the acting. I'd watch it with my girls again. We love the CD soundtrack. I loved the fact that although there is a ""love story"" concept, it is not blown up as the main idea of the movie. The scenes showed a true depiction of how young teens should begin a relationship. Miley learns a good lesson and it's nice to watch how she arrives at her maturity.","10.0","positive","2009-05-27","kipmol","ur6269253","False","5","9","https://www.imdb.com/review/rw2072659/"
"rw2102765","it's not the best film i have ever seen but it's the most pleasurable/satisfied film i have ever seen","I'm a big fans for Miley Cyrus, so this film i absolutely must to watch it. I have watched it 3x. Maybe it's not the best film i have ever seen but it's the most pleasurable/satisfied film i have ever seen. I love Miley, she's great, charm, funny, natural, sexy, and have good voice. In this film Hannah Montana The Movie it's far better than the TV series. Hannah Montana The Movie it's funny (yeah maybe in some scene it's not funny). Drama is so powerful. Great acting by Miley Cyrus. This film is more serious and mature than the TV series. I really love many song in this film, The Climb, Dream, You'll Always Find Your Home, etc. This film always meaningful, it's have great quotes ""Life is Climb, But The View is Good"". So this film is very recommended","10.0","positive","2009-07-28","film_denzs","ur8547054","False","6","12","https://www.imdb.com/review/rw2102765/"
"rw2064282","Excellent family values/Great message","This movie was given low reviews by men way to old to catch the true and simple message of the movie. It was refreshing to get to see a G-rated movie with such great family values and life lessons. Yes, my 8 year old daughter loved it because of Hannah Montanah, but I did as well. It teaches a lesson that the simpler things in life like growing up in the rural south can be valued just as highly as a jet-setting career as a young pop-star. The acting wasn't as bad as some have mentioned. I have seen worse (George Strait in Pure Country). I do have a suggestion: all of you thirty-something males who took your daughters to see the movie, let them write the reviews. They probably have a lot more ""family movie common sense"" than you because their minds have not yet been polluted with the R rated violence/sex/drug action movies that you are so accustomed to watching. I hope Hollywood gets the message and produces more G rated movies like this one so that I can take my daughter and not have to worry about explaining the crude off-color jokes like in the ""Incredibles"" and the like. Thank God for movies like ""Hannah Montanah"". We need more of these and less smut.","10.0","positive","2009-05-10","dwaugh66","ur11703235","False","7","16","https://www.imdb.com/review/rw2064282/"
"rw4760919","Arguably one of the most important coming of age stories to grace the 21st century","Emotional music, compelling story, stacked cast, this movie has something for everyone. Beautiful slopping hills of Tennessee, combined with redneck lovers who probably voted for trump, this movie will keep you coming back for more.","10.0","positive","2019-04-04","fireamblow","ur101259935","True","2","2","https://www.imdb.com/review/rw4760919/"
"rw2050523","Amazing!!","After reading some of the other reviews I would have to say that I am absolutely appalled. I have been a huge Hannah/Miley fan for quite some time and I was truly amazed at how well the entire production turned out to be. Miley Cyrus never seizes to amaze me with how put together she is. From working on the movie, to her award winning show, latest album, as well as still being your everyday 16-year-old girl, Miley is truly inspirational. While some may have poked fun and turned a cold shoulder when ""explicit photos"" leaked, I think they forgot to remember that she was just being HUMAN, and just as any other teenage girl she made a mistake. GET OVER IT PEOPLE!! In fact, what many are also forgetting to consider is what Miley truly stands for. She is a true role model for thousands, in fact millions, of girls across the world. A role model that is not afraid to show her fans what it means to be yourself and never let anyone get you down. So despite what some people may say about the plot of this movie or the acting, I am proud to say that I loved EVERY minute of it. So HATS OFF to you Miley and keep up the great work!!","10.0","positive","2009-04-10","lloyd-c","ur20953334","False","23","86","https://www.imdb.com/review/rw2050523/"
"rw2244115","A TV phenomenon hits the big screen....and it's awesome!","As an 18 year old guy I'm probably not in the intended target audience for a film like Hannah Montana: The Movie, but I love Miley Cyrus (she's gotta be the most beautiful & talented person to ever come out of the Disney Channel) and have enjoyed watching episodes of the TV series on Disney over the last few years, so there was no question as to whether or not I was going to see this. I wasn't sure how well it'd translate to the big screen but I have to say I was more than pleasantly surprised.

Yes it's full of plot holes and inconsistencies. No the acting won't win anyone any Oscars. And yes it takes a bit of suspension of disbelief to get over the idea that people don't realise Miley is Hannah Montana just because she dons a blonde wig. But what this film is, is a light hearted, comedic adaption of the TV series that at its heart has a great message. It's full of laughs but also moments that can make viewers teary eyed and it's backed by some great music (if you were impressed by the songs in the movie then I recommend checking out the soundtrack album; full of great tunes and the best out of all the Hannah Montana CD's). It's different from the show just enough to be able to stand on its own and be viewed without having to have seen any episodes of the series beforehand, but it's also similar enough to appeal to long time fans while helping to set up and continue story lines seen in season 3.

For fans used to seeing the action take place on small studio sets the film looks stunning, being filmed in both LA and Miley's birthplace Tennessee. All the locations were really well used and were made the most of, the only downside to this being that the next time you see the show the sets do look slightly pathetic in comparison. Apart from this though Hannah Montana: The Movie is a funny and entertaining film that can be enjoyed by all ages (and both genders). So just sit back, relax, put your critical snobbery to one side for 90 minutes and enjoy the show!","9.0","positive","2010-05-02","Swagger91","ur23116968","False","3","5","https://www.imdb.com/review/rw2244115/"
"rw2051828","I was a great kids movie!","I would give it a 8 out of ten, but since people are such haters I had to give it a 10 to try an balance out the negativity. I watched this movie with my brother (18) and my little cousin (14) and I am 23. I have to say i loved it. It was touching, cute and funny (much like the show with a longer, better plot). 

I loved at the music sequences and how they naturally incorporated them, so that you get songs but its doesn't come off unnatural like in musicals. It is a Disney G rated film so yeah its not going to be edgy or Oscar material, but it was entertaining and i clapped after every performance, I cried at some moments, and laughed a lot (in large thanks to Earl). It was so good, but i like Hannah Montana the show. However, my brother thought it was good too and he just tagged a long and for my 14 year old cousin well, she couldn't stop talking about it (we both we super excited about the movie).","10.0","positive","2009-04-13","justcozy","ur18477443","False","9","29","https://www.imdb.com/review/rw2051828/"
"rw2490935","instead of vomiting your hate against life","i realize people or shows who are hated, are usually pretty good, or at least a lot better that you would expect. i never knew what or who hannah montana was, i heard adam sandler in a movie mention it, and i check out on the internet, i'm a kind out of fashion guy... But a 3 rating for this movie is retarded. you've got comedy, romance, good music, nice girls, Disney may be the devil but they do hire people who know how to do their job. the songs are good pop-rock'n'roll-country songs if you do know anything about music, who cares if they're written by the devil, they're good. anybody who has played in a rock band will agree with that. the movie is also good, nothing new but good, unless you hold a grudge against life. if you do, it's your own fault, get a better life, instead of vomiting your hate on hannah montana.","9.0","positive","2011-09-19","s_imdb-18-540293","ur25569374","False","2","3","https://www.imdb.com/review/rw2490935/"
"rw2093428","Adults need to grow up!","I agree with Weldermommy. How sad does your life really have to be to sit on their computers and write a bad review for a movie that was aimed for children, what, 4-10? My 6 year old daughter loved the movie and as a mom, I thought it was cute. Nothing I would watch for myself, but I can sit with her and watch it, and even get a few laughs. Maybe her acting isn't developed to entertain an adult audience, but it sure entertained my daughter and just about all of the girls in her class. Or maybe she just didn't whip out her awesome acting skills because she wouldn't need them for this type of movie. If the movie was SO HORRIBLE to you, here's some advice- don't buy the DVD. Without your purchase, she'll still make more in an day than most of us make all year! My rating for this movie as an adult would probably be a 6 or 7, but I rated it a 10 for my daughter.","10.0","positive","2009-07-09","NickNBoog","ur21462560","False","4","10","https://www.imdb.com/review/rw2093428/"
"rw2060134","I am 8 so i know what i am talking about! It was so COOL!","I thought that the bit about Hannah Montana not having a double life any more was upsetting because I thought there wasn't going to be a season 4 on TV. The bit about Miley singing her song to her dad was heartbreaking. I think some of the characters should have been in it for longer like Riiccccoo because he's very funny and was only in it for 2 minutes. I am glad that Hannah Montanta was wearing those yellow doctor marten boots as I have them as well! Just remember that Hannah Montana is aimed for children and not really for adults because my mum and dad took me and my mum liked seeing my reactions to it but my dad thought that it was better than the TV series but still not really that very good. I think the score should be higher more like 10 than 2. I LOVE Hannah Montana. Hannah Montana Rocks!","10.0","positive","2009-05-01","toxicvinster","ur12569214","True","4","10","https://www.imdb.com/review/rw2060134/"
"rw2053062","just because you have eyes doesn't mean you can see","I was at a multiplex and just finished watching the movie I went to see and being in the mood for a second feature i wandered into the movie next door. It turned out to be Hannah Montana: the Movie. I was very pleasantly surprised. The cinematography is fantastic. It's filmed in a beautiful location in Tennessee and many of the shots are just breathtaking. Disney put a lot of money into this production and it shows. The director is excellent. The songs are great. There's a really nice happy energy from the entire production. OK. The story is just a simple corny teen romantic comedy but musicals are not known for having great plots. There are obviously a lot of people writing comments here who just hate anything Hannah Montana but this is a movie that has a lot going for it. Anyone who likes Hannah Montana is going to love it and rightly so. Anyone who goes to the movie with any kind of a reasonable attitude is going to like it. Don't worry about the plot. Just sit back and enjoy the musical numbers, enjoy the incredible photography. This movie is going to make a lot of money because it's about happiness and it delivers happiness.","10.0","positive","2009-04-15","mmyy","ur5520939","False","9","33","https://www.imdb.com/review/rw2053062/"
"rw2052502","One of the Greatest Movies of the Year!","Many movies these days lack the humor and drama that an audience desires desperately at times. A few movies tend to bore and sometimes anger the viewers because of how horrible it can be. But ""Hannah Montana: The Movie"" does not disappoint. While I watched this movie, I noticed how focused I was in the movie and at times how much I was laughing at this movie because of its great epic humorous dialog. This movie is no let down at all. If you have any doubts of seeing this movie, your doubts are most likely wrong. The dialog is very original and well thought out. The story never lacks or drags. And it's great fun beginning to end and easily can be considered an American classic!!!! Wait, I change my mind, this movie sux sweaty monkey balls!","10.0","positive","2009-04-14","noel_da_gangsta-1","ur12940582","False","8","29","https://www.imdb.com/review/rw2052502/"
"rw2052316","Heartfelt funny sincere and has a great message .","Awesome movie!! Always have enjoyed the show and in all honesty wasn't looking forward to the movie.Foolishly I didn't think it would be as good as the show but I was pleasantly surprised.Miley Cyrus does a wonderful job portraying her Hannah persona and Miley persona exceptionally well.The emotion in the film was truly moving especially when she belts out the song ""The Climb"" and sings with her real life/on-screen father Billy Ray on ""Butterfly Fly Away"".The pratfalls were hilarious and the story/plot rang true with a positive message to be true to yourself don't lose yourself because you are left with nothing if you do.Just as the song states There's always gonna be another mountain I'm always gonna want to make it move.It's always gonna be an uphill battle sometimes I'm gonna have to lose.Life is indeed a climb and this film was as deep and profound as it can get.The ending no spoilers here will most assuredly satisfy any fan that is the only thing I will say.","9.0","positive","2009-04-12","davidbeckham1441","ur20828378","False","8","31","https://www.imdb.com/review/rw2052316/"
"rw2063107","This comment is for ALL you HATERS out there.","People people people...Please stop thinking so hard about how to trash this film and it's cast, relax a bit and rethink why you are writing a review for this movie. This movie ""is what it is."" I have a belief that all of you writing negative reviews really have no reason for even having gone to see this film in the first place. Think about the premise of the film, a TV show targeting pre-teens and tweeners airing on the Disney channel...yes Disney...got it? OK, now stop your bashing and ask your pre-teen or tween daughter, sister, niece (etc) about the movie. Go to the movies and watch their little faces during the movie and ask them to tell you about it at the end. I watch new episodes of Hannah on Sundays with both my 9 and 7 year old daughters...and I'm a 37 year old man. Then I took them and my wife to see the movie. My reward and high praise for movies such as Hannah Montana comes from the look on their faces both during and after the film. They were smiling and clapping along with the songs. My daughter downloaded the videos for her Nintendo DS. Hey, even my wife loves ""The Climb"" sung by Miley Stewart, during the film. It has a good message for all ages.

So stop your whining and bad mouthing of this film. Think about how many parents will be unjustly misled by your words and not take their kids to see the film. Because of you, children will be deprived of enjoying themselves and having a good time at the movies.","8.0","positive","2009-05-07","ricky_89","ur4197208","False","5","16","https://www.imdb.com/review/rw2063107/"
"rw2064676","i thought it was a great movie","This movie is exactly what it should have been. It reflects the show and a little more. Miley made the comment quote "" it will end without the possibility of a sequel but a possibility of another season. I would love to do another season."" so for those people who are saying she only did the movie because she wanted out need to get their stories straight. This movie was filmed over a year ago so what do you know. It is a great movie for kids and adults. If you have kids, you might understand it better. The acting is not bad at all, the storyline makes sense and the soundtrack is amazing, especially the hoedown throw down. There were little girls in the aisles of the movie theater doing it with the movie and it was cutest thing ever. I have even learned how to do it.","9.0","positive","2009-05-10","tinkerbell_0203","ur11219323","False","4","12","https://www.imdb.com/review/rw2064676/"
"rw2061077","It wasn't amazing.","It was great but not great, it dragged on and it was quite boring at times. Like at the end when she was talking about her 'Double life', it was really boring, it felt like it was over half of the movie. It's not something you'll remember, I don't even remember most of it, yet I remember most things in movies such as High School Musical and Camp Rock. It's quite funny at points, there's a British bloke who works for a magazine and he is in a disguise and goes into her dressing room tent thing and Hannah's helper or whatever knows who he is and she goes ""Ozzy..."" or something and then he takes it off and sits down and leaves his camera there and its recording then he leaves and Hannah and the woman start talking and the woman says something about a secret then when they leave the man goes in and gets the camera and finds out she has a secret. At the end when she pulls her wig off he takes a picture when she puts it back on and shes all ""NO!"" He's funny. The age its suitable for is round about - 9 to 0 year olds. Jokes, it's for probably 5+ because only little kids and young teenagers such as myself (11 years old here) really watch it, no offense if your an adult and watch it.","9.0","positive","2009-05-03","bratzrock1998","ur14460566","True","4","12","https://www.imdb.com/review/rw2061077/"
"rw9047118","An Enjoyable Kids' Movie That Deserves a Fair Chance: Rediscovering Childhood Magic with a Charming and Underrated Film","Despite its underrated status, this film shines with its own charm. While not flawless, it surpasses its unfairly low average score. Biases against Miley Cyrus influence some negative reviews. Personally, I rate it a solid 7. It has its slower moments and decent acting. As a kids' movie, it's forgivable. The true strength lies in its ability to leave you with a heartwarming smile. It may be a 7 for adults, but for its target audience, it's a resounding 10. It successfully captures the magic of childhood, reminding us of the joy we felt. Give it a chance; you'll find yourself transported to a world of innocence and wonder.","10.0","positive","2023-05-10","dani_post","ur119942564","False","1","1","https://www.imdb.com/review/rw9047118/"
"rw2057203","Good fun family film","I think a few reviewers of this title need to get a grip on some anger issues. I went to this movie with two little girls. (the movies target audience) We all thought it was great. There is absolutely nothing offensive in this movie. It's cutesy and silly and everything it was meant to be. My little 7 year old smiled the whole time. The music is fun and upbeat. I hate to think that we live in such a cynical world that people can't have a little fun and relax. If you go to this movie by yourself and happen to be a bitter 45 year old man with a Siskel complex you might not enjoy it. On the other hand if your going with kids and you care what they think you'll love it! A good movie with a cute message. We all walked out of the theater singing and having fun.","8.0","positive","2009-04-24","achienelson","ur21033132","False","4","14","https://www.imdb.com/review/rw2057203/"
"rw2126562","Perfect for the target audience...","Admittedly I'd only heard bits and pieces about the Hannah Montana franchise when I decided to pick it up on DVD to watch with the family, more out of curiosity than anything else. Of course Hannah Montana: The Movie runs like your typical Disney flick that originated on, or was made for, its television channel; that is, predictable and corny. However, as far as providing for the target audience is concerned, this film is spot on.

Miley Cyrus provides an energetic performance, essentially taking on two roles as the title character and the girl behind the brand who wants to keep a normal existence while living it up as a celebrity. Hannah Montana faces a tough decision when she realises leading a secret double life is too much for her and those around her, and ultimately has to decide who she wants to be.

Commenting on the cinematic qualities of any aspect of the film would be a pointless exercise considering the movie was made to keep a young, specific audience amused. At 18 I'm the youngest in a family of four, yet the film was fun, enjoyable and well worth a watch simply for the cameos from the likes of Tyra Banks (America's Next Top Model) and Taylor Swift alone. The soundtrack isn't great track after great track although there are some notable gems, including 'Hoedown Throwdown' and in particular 'The Climb', which in my opinion is a fantastic song. The setting of the film elevates the lead character's predicament while providing some beautiful visuals.

In short, anyone considering watching this with youngsters or thinking about letting them see it should find that this is a light, family-friendly film that is nothing short of pleasant viewing, but not much more unless you're a young girl. And if you're not, like me...who are we to criticise it?

8/10","8.0","positive","2009-09-13","jhunt709","ur21569980","False","2","5","https://www.imdb.com/review/rw2126562/"
"rw2285262","Without the Miley attitude it would be 10","This is a great film for the whole family and when I watched it I loved it and it kept me very entertained. It had a lot of adventure a bit of comedy and the best music Miley Cyrus has produced. This film isn't perfect as it has the rude attitude and the hideous head move Miley does. What do you think you are doing Miley. Little girls who love you follow everything you do and they will say to their mums whatever and do a head move to them. Its wrong. This film would be really good without the usual Miley attitude.

But there wasn't as much head moves/whatevers compared to the TV series.

The positive side was she did pull off a great film and some great songs and a film which everyone will love. Miley Cyrus is very beautiful and has got a great future.","8.0","positive","2010-07-25","henry-760-433425","ur23369821","False","2","5","https://www.imdb.com/review/rw2285262/"
"rw2054993","Good family entertainment and yes a little cheesy!","Hannah Montana: The Movie is probably not for anyone who likes good clean, wholesome, funny and yes - cheesy family entertainment. But in a movie environment that seems to constantly churn out PG-13 to R rated stuff, ""Hannah"" seems to be proof that many of us rather like some clean, good ole fashioned fun and just a few songs thrown in to make the movie-viewing experience somewhat memorable. Our daughter, who happens to be 6yrs old, loved this movie and throughout it, tapped her foot and bobbed her head. Granted, she is a big Hannah fan, but she still enjoyed it. So did her Mom and Dad. Miley Stuart has a big conflict trying to be herself and Hannah at the same time. But Hannah seems to be winning the bigger, better, glitzier life over substance and down-to-earth deal. So her dad takes her back to her roots in Tennessee to see if her original home can bring some clarity to the situation. Along the way, she meets family, friends and a possible new love interest to bring herself to realize how much family, roots and being true to yourself can mean to you in the world. Yes, the movie is a little silly, but so much fun! Please do yourself and maybe your family a favor, GO see the movie. Let yourself go in with no reservations or pre-conceived notions that this movie need be an artistic and Oscar-worth film, which of course, it is not. But maybe you'll come away liking something feel-good and refreshingly enjoyable, unless you're not into that kind of thing.","9.0","positive","2009-04-19","dynastarrt-1","ur21005420","False","4","17","https://www.imdb.com/review/rw2054993/"
"rw2055802","Life Changing experience","As the summary clearly indicates, Hannah Montana is as of yet anyway, the single best movie I have ever seen and I dare say, a life changing experience.

If I may, though I don't deem myself worthy of reviewing anything that contains or even refers to Hannah, her singing ability, as well as her acting, is so deep and profound, it really makes you reflect on your everyday life and what you can actually achieve with just a little bit of effort.

I will be the first to predict the Cyrus family will conquer Hollywood and will constitute one of its foundations like the Baldwin legacy.","10.0","positive","2009-04-21","micpap","ur15882666","False","5","24","https://www.imdb.com/review/rw2055802/"
"rw2102093","Its a Hit, complete entertainer for Kids","I will say that this movie is a good one,I'm not saying that am a great fan of Miley.I haven't heard her before this,but she is awesome.Hats off to Disney,the way they are entertaining all the children's.May be at my age its weird that am saying like this,but still Disney is awesome.They have given branded platform for stars like Selena,Ashley,Vannessa,Miley,Hilary. Most common thing Disney always looking for is that actress/actor must be good looking,must sing well,& act.They are not perfect and great in acting,but they are enough for our children.Imagine kids life without Disney's animations & music.I still found my childhood days every time i gone through any Disney product.This movie is good,perfect entertainer.Specially Miley sings very well.I loved howdown throwdown track. SO stop criticizing, go for it,pure entertainment.Thumbs Up!","10.0","positive","2009-07-26","abhijit-sarkar86","ur21805956","False","3","11","https://www.imdb.com/review/rw2102093/"
"rw2122635","not that bad   seriously","hi i watched the Hannah Montana movie and it wasn't that bad! really I'm sick of adults saying this movie was not funny, uninteresting, too predictable having non talented actors and actresses etc etc non non stop. this movie was made for girls aged 6 to 14 approximately not 30 year old men!!! the movie isn't that bad sure it has a predictable plot but there's lots of friendship and family, laughs and music. the actors and actresses in this movie are teenagers and don't have as much acting experience as adults if your not a fan of miley, Emily, Mitchell, Lucas etc etc thats fine just don't mock them because you don't even know them!! so if you didn't like this movie thats cool and if you want to share thats cool just remember this movie is for little girls not adults","9.0","positive","2009-09-05","princesskody","ur22060231","False","2","6","https://www.imdb.com/review/rw2122635/"
"rw2113693","Hannah Montana","i think this movie was great and good for time pass ,,,, well i bought the DVD of Hannah Montana and watch the movie with my friends well we have never seen any episodes of Hannah Montana TV series of Disney channel but after seeing this movie my friends really like the movie and now we all are not even missing any episodes of Hannah Montana in Disney channel .... well the movie was not so good than the TV shows but it was fun to watch.... we really like miley Cyrus she got great voice,we like all song of the movie especially the climb song......that was one of the best songs... well the movie didn't reach the expectations of public bit i can say one thing the guys who have never seen episodes of Hannah Montana they will sure like the movie and then buy dvds of Hannah Montana TV show..... well i will give 9/10 ratings for this movie becoz we really like the movie....its good for time-pass...","10.0","positive","2009-08-19","cristiano_saheel","ur21932571","True","2","7","https://www.imdb.com/review/rw2113693/"
"rw2120387","Disney...Miley Cyrus....songs....cheesiness...hits the demographic dead on","Miley Cyrus and the Hannah Montana franchise gets constant berating by adults, older teenagers, and critics alike and none of it makes sense. Is that because her and this film are brilliant? No, not necessarily. It is because this film hits the target demographic brilliantly. It also doesn't try to throw together crude jokes, or try to tone down being sickeningly sweet and I say BRAVO!! For the average movie goer to sit down and watch this movie they would find it laughably terrible but I will embrace anything that actually promotes sweetness and innocence because I had it as a child (usually with Disney films) and I want my kids to have it too. Does this make the movie good? NO! The movie still has to hold its own, have good characters, good story, and a movie like this just has to be fun! The silly slapstick comedy from the VERY cheesy show on Family Channel carries over into the film with even more heart. Some of the antics are actually laugh out loud funny. But certainly the emotion in the film is amped up and as with any great Disney movie there is an underlying moral message to learn from and Miley Cyrus is the phenomenon to pull it off.

Much has been said about Miley Cyrus, good and bad. Regardless she has an enormous following. I also personally think she is very talented and has great charisma and it carries over into this film. I doubt that her role as Miley Stewart and Hannah Montana is probably not exactly a stretch from reality for her but she is still fun to watch. She is very down home and comfortable and fun to watch. She embraces her teenage awkwardness and has a great time on screen! Billy Ray Cyrus plays her Dad...hmmm weird...no big stretch there either. Billy Ray has that same down home quality that makes him fun to watch. I think the chemistry between him and Miley being real life daughter and father helps enormously for the two of them. Although I've only seen it in passing (I swear) I've noticed that Miley Stewart's brother in the show is overused, cheesy and annoying. Fortunately they toned him down to barely a passing cameo in the film for Jason Earles. Emily Osment also carries over from the TV cast as Miley's best friend. She is good in the part and is fun in her role but she certainly doesn't reach the level of Miley Cyrus and her personality doesn't quite carry the same weight. Lucas Till is Miley's love interest in the film. He is really quite excellent and while his character isn't stand out or get a lot of comedic moments he still is a good character and has great chemistry with Miley Cyrus. There is certainly a lot of other supporting characters and cameos and they all do a good job but ultimately the supporting cast does a lot of that...support the Cyrus' and none of them get the opportunity to stand out.

I was actually surprised to see director Peter Chelsolm attached to directing this film. I would have expected a female director and someone with less experience to helm the film. Chelsolm has had a fair bit of experience and this film actually feels a little wishy washy for him. Still he tells a solid story and seems to work at making the film, story and characters a little less cheesy than the TV counterpart. I am almost sure that most adults won't be entertained by this movie but the cool thing about it is you can actually leave your kid watching this and be assured that its age appropriate and won't disappoint them. So while its not for everyone, it hits the demographic head on, its cute, and funny and showcases one of the pre-teens' biggest stars. Worth seeing if you like that kind of set up. 8/10","8.0","positive","2009-09-01","Robert_duder","ur1697212","True","2","7","https://www.imdb.com/review/rw2120387/"
"rw2119737","Great movie (:","To be honest i thought this movie was great. I've seen it twice all together and i found it funny and exciting to watch each time. Many of the people who dis this movie haven't even watched it to begin with! And that really annoys me. I know everyone is entitled to their opinion but u shouldn't judge movies before u watch. The plot is about a girl named Miley Stewart who lives a double life as world pop sensation Hannah Montana. Her dad Robbie Ray (billy Ray Cyrus) decides to take her back home to Tennesse because shes becoming more 'Hannah' and less 'Miley'. I recommend this for a family movie for all ages- and especially to those who like the DisneyChannel original show Hannah Montana. The music in this movie is also fantastic. It features the hit radio song ""The Climb"" and also the songs ""Lets get crazy"", ""Hoedown Throwdown"", ""Crazier"" (by Taylor Swift who is in the movie!!) and many more. I hope from what i've said u give Hannah Montana: The Movie a chance and see what u think about it (: Thankuuuuu xx","8.0","positive","2009-08-31","chelsealovesuuu","ur22034109","False","2","7","https://www.imdb.com/review/rw2119737/"
"rw3090258","Maybe the best movie of 2009.","People need to get down off their high horse and sit down and watch this terrific movie. The story of a selfish girl who needs to remember who she really is has been told before, I guess, but not this well. This movie has a warmth that you might not expect. It shows that lies can hurt the ones you love and the power of forgiveness. Miley Cyrus may be running amok right now but that doesn't take away from the fact that she is a gifted performer.(Just watch her appearances on SNL.) The soundtrack is great. One great song after another. The only demerit that I would give this movie is that the slapstick jokes are a little clunky.","10.0","positive","2014-09-21","pmtelefon","ur6587670","False","1","2","https://www.imdb.com/review/rw3090258/"
"rw2428452","A Movie with Heart...Not Unflawed, but Not What Everyone Makes It Out To Be","The most hilarious part of reading all the negative reviews for this particular movie is that even though all these guys are trying to be with the cool kids and snark on Hannah Montana, clearly they all have sought out, paid money for, and watched this movie. Who's the joke really on, guys?

Look, I'm a man in my mid-30s. I'm not embarrassed to say I watched this movie and that I enjoyed it. Don't get me wrong; I wasn't optimistic going into it. But ""Hannah Montana: The Movie"" surprised me with its emotional depth. Far from being just a silly kid's flick, there is actual heart to the story, and by the end of the movie--provided you get over your pretentiousness and whatever antipathy you have for Miley Cyrus, the actor--it's really easy to be caught up in what the characters are feeling and to really care about them.

Is there silly stuff? Well, sure. This isn't a documentary about concert promotion, after all. It's a comedy meant to be accessible to all ages. Folks who were looking for ""Hannah Montana: Buckets of Blood"" are clearly going to be disappointed. If you expect the movie to answer existential theories or postulate about the meaning of life, then yeah, you're gonna leave somewhat empty-handed. 

My one gripe about the movie is that the credits should have rolled immediately after the performance of ""The Climb."" If the movie had stopped right there, it would have been perfect. I understand that they needed to leave an open ending to continue the TV series, but I thought the ending did sort of undermine the value that the rest of the movie until that point had been trying to illustrate: being true to oneself. Instead, after Miley has not only come to grips with who she is, but also with how her Hannah side is quite frankly destructive to her life, she is railroaded by the rest of the cast into keeping up the lie. The film's message had been pretty clear up until then: living a double life can never make you happy, and it's best to be honest. And suddenly, there's an about-face that says ""hey, lying's OK, nay, it's the only way you can truly be happy."" Were it my movie to edit, I would've left the movie to end at ""The Climb,"" allowed the sleazy tabloid reporter to out Miley, only with Miley not caring, because she finally was OK with herself.

Still and all, not a bad little film, and certainly not deserving of the bile that gets vomited on it here.","8.0","positive","2011-05-14","velcrohead","ur3962997","True","1","3","https://www.imdb.com/review/rw2428452/"
"rw2075538","relax!!","come on.. can u please relax.. i don't know y do u rate a film 4 kids and teens ppl??!! u maybe feel it boring but u know y?? cuz it's NOT 4 u.. but 4 KIDS and TEENS,

leave them a space to rate THEIR movie.. as long as i am a teen i see it gr8.. and more than gr8 so rn't u happy that there is a movie that let ur children happy??

Miley acts and sings by a nice way that we(KIDS AND TEENS) love it..

she's awesome guys PLZ STOP Criticizing HER,

she's sweet by this way.. by her movies, TV series, songs(by the way i really loved hoedown throw down) so leave her to give us what she can and what we love, can u?? all she can and i rate it 10 IT IS EXCELLENT GUYS ;)","10.0","positive","2009-06-03","smiley-girl17","ur21240328","False","2","11","https://www.imdb.com/review/rw2075538/"
"rw2064008","Wonderful Movie, especially for Cyrus!","I saw it with my sisters because we LOVE Hannah Montana. My favorite scene was the shoe fight in the beginning of the movie! Tyra did a good job of pretending to be angry! And Miley (Hannah) was perfect acting like a brat when she arrived at Crowley Corners! The only scene in this movie that made me roll my eyes was the Hannah dinner and the date with whats-his-face and Miley. She didn't do good acting there. However, it wasn't the I-hate-this-movie-so-much-I'm-suing-Disney type of bad. I teared up when Miley was performing ""The Climb"" because it's such a beautiful song! I also like ""Let's Get Crazy"" and ""Hoedown Throwdown"", especially the latter one! So I give this movie a fantastic score of 9/10! Good job. Cyrus!","9.0","positive","2009-05-09","prettyparis97","ur21107850","True","2","11","https://www.imdb.com/review/rw2064008/"
"rw2061707","impressed","Hannah Montana: The Movie is the perfect movie if your looking for something light, entertaining and fun. Yes, some parts are a little cheesy (especially at the end when their telling her to carry on being Hannah Montana), but that is only to be expected seen as the films main audience is the younger generation, apart from that it is a good family movie with catchy songs (the Hoedown Throwdown anyone?)

I liked the fact that they didn't make it like a 90 minute episode of the show, instead it provides a deeper plot and gives out good messages of remembering where you came from and remembering to be yourself. I was also very impressed with Miley Cyrus', Lucas Till's and Emily Osment's acting.

Overall, I think it was a very good movie, the only reason I give it a 9/10 is because of the absence of Mitchell Musso aka Oliver, who is my favourite character.","9.0","positive","2009-05-04","x_charlottee","ur11275246","True","2","12","https://www.imdb.com/review/rw2061707/"
"rw2068740","Great clichéd family fun!","The last comment bemoaned old men being disparaging of young Miley. Well, as a 44 y/old with 2 daughters aged 8 and 4, they loved it and, in truth, so did I.Great fun, great music, good old-fashioned family entertainment - just what's required in these sobering times. Young Miley plays her part with great panache and makes each character distinctive - the Hannah songs, OK, so they're like a bad Avril Lavigne gig (isn't that an oxymoron?), but the country numbers are great - Taylor, Miley and those Rascall chaps. My 4 y/old has been chiming 'boom boom clap........boom de clap de clap' for the last 3 days - she loved it and thinks she's fab. And, again, as that 44 y/old male, I would be extremely hard hearted not to appreciate such great family fun.","9.0","positive","2009-05-19","grahamfeatherston","ur21161590","False","2","12","https://www.imdb.com/review/rw2068740/"
"rw2054681","Miley in MOvie rocks..!BUt it COuld be 2 times better iff..","The movie is great..no doubt miley rocks and that romantic song in the last end of movie was the best song ever sung by miley.it has many positive points..but i want to put some negative points..because m big fan i want improvement in MILEY .I AM AGAIN SAYING THAT THIS MOVIE ROCKSSSSSS...it was fun watching this movie but it could be great fun AND GREAT BLOCKBUSTER HIT if it includes the chemistry of Jackson + Rico + oliver and Lilly + miley would there.!!commo man no role for Jackson (he s the best actor and we want to c him to do weird things) no oliver role????..even no Roxy? and if character of Roby Ray act like a cool dude..(Roby ray's acting was good but in this movie it looks bit serious means not as cool as he really is..in the movie he seems he is full in tension.it will become best movie ifff roles given to Jackson/Rico/and cool dude oliver are increased up to some extent...and one more short coming in this movie is no masti like Roby ray style in the movie :(((( he must act like a cool dady instead of an professional dad.and one more thing the person cast opposite miley is good and cool guy but his voice is not cool.Good luck Roby Ray NEXT TIME GIVE SOME ROLES TO JACKSON ?OLIVER ? RICO ?THEY are good actors and capable to make ur movie all time hit..bingo!","8.0","positive","2009-04-19","immrur","ur20912035","False","3","23","https://www.imdb.com/review/rw2054681/"
"rw2066479","The quest to ruin this movie is...amusing at best.","One can't help but notice the amount of people who are intentionally trying to bring the rating on this film here at IMDb down, not to mention the number of them who clearly never even watched the movie. This sort of trolling and rating fixing has become a serious problem on the site, most notably with the Dark Night/Godfather fiasco which led to the intentional reduction in the Godfather's rating by fans of the Dark Knight in order to raise it to number one. It's a shame really, but as with most things on the internet it's also unstoppable. Those with the time to waste and the willingness to waste it, will always prove themselves pathetic enough to ruin something others enjoy.

As for the Hannah Montana movie itself is actually enjoyable if taken for what it is. It's intended to be a light hearted family film and it fills that role well. Cyrus herself is a treat to watch as is the rest of the cast, the music is catchy yet innocent enough to fit with the theme and the scenery is fantastic. It's also worth noting some excellent camera work and direction as well.

If you enjoy stepping out of the norm, shutting out the negative and just relaxing with some innocent fun, check this out because you'll have a good time. If on the other hand your looking for serious drama or National Lampoon's type comedy, then I'd certainly recommend skipping this because it's just not for you. Even Nickelodeon tends to be raunchy when compared to Disney, especially when compared to something like Hannah Montana.

And now, I have THX 1138 loaded up and ready to go so it's back to the depressing, thought filled, stressed out life I normally lead.","8.0","positive","2009-05-14","DVDZombie","ur7976313","False","1","10","https://www.imdb.com/review/rw2066479/"
"rw2060882","Good for what it is, and there's worse role models for girls","Just got back from seeing this with my nine-year-old daughter (who loved it). I'm actually not familiar with the TV show other than the basic concept. Yes, there's a lot of the standard sitcom plot twists, but the overall story and message is a good one, and there's lots of nice music and wholesome family stuff. Miley has genuine musical talent and has been a role model for my daughter learning to play the guitar and sing. Believe me, there's a lot worse role models for young girls out there; I'm glad there's someone like Miley Cyrus who shows her strong family relationship and that you have to work hard to get where you want to go.

I saw it in a theater full of teenage girls who swooned every time Travis smiled. There's one brief scene where he has his shirt off and I thought they were going to have a hemorrhage.","8.0","positive","2009-05-02","slfisher-2","ur12272869","True","1","11","https://www.imdb.com/review/rw2060882/"
"rw9876042","!! MUST READ BEFORE WATCHING !!","My Queen, my savior, my first true love... Hannah Montana... Where do I even begin? Hannah Montana goes from being your Malibu singing sensation to a hard working country girl, Miley Stewart. This movie beautifully portrays the world of girlhood better than Greta Gerwig's ""Barbie"" ever could. The way she balances her family life, being a pop star, and even trying to rizz up her possible cousin, Travis, is insane. Miley Cyrus was able to bring this character to life with her inspiring self confidence that left the audience speechless after she delivers each line with such emotion that would have Shakespeare rolling in his grave. On top of all that she even revealed her true identity to a sold out crowd, kissed Travis, but she also saved Crowley Corners? She truly is the USA's strongest and persevering soldier who shows true patriotism throughout her time served in Tennessee. At this point give her the highest military honor for not only saving Crowley Corners and for also taking down her British stalker by putting him in life threatening situations. With her Oscar worthy performance, Miley Cyrus she proved to me at the ripe age of 15 that Hannah Montana not only lives inside of the hearts of 4 - 11 year olds but instead she lives inside all of us. We all need to come together and realize the truth, this movie is Oscar worthy. This movie may only have 4.7/10 rating here on IMDB but trust this movie is the only TEN I see....","10.0","positive","2024-06-30","skittlesjustdoit","ur184142238","False","0","0","https://www.imdb.com/review/rw9876042/"
